index,company,total_filings,avg_salary
1,INFOSYS LIMITED,117594.0,$83498
2,TATA CONSULTANCY SERVICES LIMITED,91518.0,$71575
3,COGNIZANT TECHNOLOGY SOLUTIONS US CORP,80977.0,$87624
4,DELOITTE CONSULTING LLP,58320.0,$93334
5,CAPGEMINI AMERICA INC,51256.0,$85797
6,ACCENTURE LLP,47837.0,$88819
7,ERNST & YOUNG US LLP,45185.0,$107622
8,WIPRO LIMITED,43927.0,$74146
9,MICROSOFT CORPORATION,41523.0,$137840
10,IBM INDIA PRIVATE LIMITED,36207.0,$78143
11,GOOGLE LLC,35634.0,$147925
12,HCL AMERICA INC,30985.0,$84933
13,TECH MAHINDRA (AMERICAS)INC,26372.0,$76513
14,IBM CORPORATION,21811.0,$98355
15,FACEBOOK INC,20868.0,$165135
16,AMAZONCOM SERVICES LLC,18729.0,$130566
17,LARSEN & TOUBRO INFOTECH LIMITED,18168.0,$83841
18,APPLE INC,16542.0,$147331
19,GOOGLE INC,15325.0,$130836
20,JPMORGAN CHASE & CO,14443.0,$119858
21,AMAZONCOM SERVICES INC,14330.0,$132134
22,COGNIZANT TECHNOLOGY SOLUTIONS US CORPORATION,13638.0,$75986
23,TECH MAHINDRA (AMERICAS) INC,12315.0,$88235
24,INTEL CORPORATION,12237.0,$101970
25,WAL-MART ASSOCIATES INC,12149.0,$123911
26,UST GLOBAL INC,11915.0,$74598
27,COMPUNNEL SOFTWARE GROUP INC,10771.0,$85817
28,L&T TECHNOLOGY SERVICES LIMITED,10349.0,$72585
29,DELOITTE & TOUCHE LLP,10095.0,$79496
30,SALESFORCECOM INC,9411.0,$130205
31,AMAZON CORPORATE LLC,9194.0,$118837
32,AMAZON WEB SERVICES INC,8764.0,$125257
33,HEXAWARE TECHNOLOGIES INC,8610.0,$80497
34,PRICEWATERHOUSECOOPERS ADVISORY SERVICES LLC,8559.0,$118975
35,MINDTREE LIMITED,7836.0,$84809
36,NTT DATA INC,7828.0,$91491
37,MPHASIS CORPORATION,7758.0,$80976
38,PRICEWATERHOUSECOOPERS LLP,7716.0,$90273
39,SYNTEL INC,7695.0,$82980
40,VIRTUSA CORPORATION,7109.0,$100348
41,CISCO SYSTEMS INC,6810.0,$124541
42,KPMG LLP,6794.0,$90152
43,IGATE TECHNOLOGIES INC,6751.0,$69236
44,SYNTEL CONSULTING INC,6751.0,$69940
45,QUALCOMM TECHNOLOGIES INC,6647.0,$114237
46,LINKEDIN CORPORATION,6580.0,$133682
47,BANK OF AMERICA NA,6404.0,$116559
48,ORACLE AMERICA INC,6376.0,$114063
49,SYNECHRON INC,6312.0,$94301
50,VMWARE INC,6309.0,$144283
51,RANDSTAD TECHNOLOGIES LLC,6243.0,$112182
52,PAYPAL INC,6146.0,$141235
53,CAPITAL ONE SERVICES LLC,5912.0,$93645
54,CUMMINS INC,5816.0,$74477
55,UBER TECHNOLOGIES INC,5747.0,$130963
56,EBAY INC,5647.0,$146378
57,INTERNATIONAL BUSINESS MACHINES CORPORATION,5612.0,$100987
58,V-SOFT CONSULTING GROUP INC,5566.0,$79722
59,CERNER CORPORATION,4838.0,$80484
60,GOLDMAN SACHS & CO LLC,4758.0,$128090
61,TESLA INC,4733.0,$122385
62,FUJITSU AMERICA INC,4537.0,$83361
63,MARLABS INC,4451.0,$77057
64,HTC GLOBAL SERVICES INC,4434.0,$74352
65,CITIBANK NA,4216.0,$126401
66,PERSISTENT SYSTEMS INC,4199.0,$75958
67,UNIVERSITY OF MICHIGAN,3871.0,$68268
68,PEOPLE TECH GROUP INC,3827.0,$86573
69,SYSTEM SOFT TECHNOLOGIES LLC,3798.0,$90475
70,AMERICAN EXPRESS TRAVEL RELATED SERVICES COMPANY INC,3703.0,$114616
71,ANTHEM INC,3650.0,$94241
72,CGI TECHNOLOGIES AND SOLUTIONS INC,3626.0,$86306
73,ATOS SYNTEL INC,3602.0,$92665
74,CITIUSTECH INC,3587.0,$83978
75,DELOITTE TAX LLP,3568.0,$74080
76,COMCAST CABLE COMMUNICATIONS LLC,3537.0,$98717
77,EMC CORPORATION,3528.0,$106722
78,BLOOMBERG LP,3521.0,$145725
79,INTUIT INC,3468.0,$128310
80,BLACKROCK FINANCIAL MANAGEMENT INC,3405.0,$91501
81,AVCO CONSULTING INC,3402.0,$82378
82,PROKARMA INC,3310.0,$98908
83,ERP ANALYSTS INC,3303.0,$87678
84,MORGAN STANLEY SERVICES GROUP INC,3264.0,$128170
85,T-MOBILE USA INC,3126.0,$119099
86,TEKORG INC,3122.0,$79832
87,THE MATHWORKS INC,3107.0,$99165
88,GENERAL MOTORS COMPANY,3107.0,$104799
89,COLLABORATE SOLUTIONS INC,3071.0,$79601
90,MICRON TECHNOLOGY INC,3008.0,$107318
91,ERICSSON INC,2988.0,$94993
92,CREDIT SUISSE SECURITIES (USA) LLC,2981.0,$123917
93,GOLDMAN SACHS SERVICES LLC,2958.0,$120719
94,SAP AMERICA INC,2846.0,$116897
95,EXPEDIA INC,2840.0,$111971
96,NVIDIA CORPORATION,2749.0,$143057
97,3I INFOTECH INC,2705.0,$75181
98,OPTUM SERVICES INC,2690.0,$103608
99,THE BOSTON CONSULTING GROUP INC,2679.0,$139402
100,ADVANCED MICRO DEVICES INC,2664.0,$117566
101,GENPACT LLC,2613.0,$92102
102,CYIENT INC,2601.0,$69792
103,HEADSTRONG SERVICES LLC,2591.0,$93272
104,BIRLASOFT INC,2587.0,$69756
105,A2Z DEVELOPMENT CENTER INC,2571.0,$133158
106,NATSOFT CORPORATION,2570.0,$83364
107,POLARIS CONSULTING & SERVICES LTD,2569.0,$91592
108,MASTECH DIGITAL TECHNOLOGIES INC A MASTECH DIGITAL INC COMPANY,2535.0,$92159
109,SLK AMERICA INC,2525.0,$75068
110,MAYO CLINIC,2505.0,$116004
111,YASH TECHNOLOGIES INC,2495.0,$77737
112,SAPIENT CORPORATION,2491.0,$120623
113,GOLDMAN SACHS & CO,2476.0,$112716
114,FIDELITY TECHNOLOGY GROUP LLC,2456.0,$94618
115,TRUSTEES OF THE UNIVERSITY OF PENNSYLVANIA,2440.0,$74587
116,RELIABLE SOFTWARE RESOURCES INC,2418.0,$71942
117,FIRST TEK INC,2405.0,$75900
118,EPAM SYSTEMS INC,2378.0,$107714
119,NTT DATA SERVICES LLC,2353.0,$97715
120,JPMORGAN CHASE & CO,2328.0,$115777
121,IRIS SOFTWARE INC,2327.0,$109568
122,TWITTER INC,2321.0,$154767
123,BARCLAYS SERVICES CORP,2287.0,$124842
124,PHOTON INFOTECH INC,2253.0,$85514
125,COLUMBIA UNIVERSITY,2253.0,$82033
126,INTONE NETWORKS INC,2232.0,$85821
127,AMERICAN AIRLINES INC,2229.0,$79306
128,BRILLIO LLC,2202.0,$87677
129,FORD MOTOR COMPANY,2192.0,$88555
130,EMORY UNIVERSITY,2181.0,$81409
131,DIASPARK INC,2158.0,$71433
132,NATIONAL INSTITUTES OF HEALTH HHS,2154.0,$82286
133,SCHLUMBERGER TECHNOLOGY CORPORATION,2152.0,$91621
134,APPLIED MATERIALS INC,2132.0,$114288
135,ASTIR IT SOLUTIONS INC,2132.0,$78370
136,OATH HOLDINGS INC,2115.0,$138820
137,HARVARD UNIVERSITY,2092.0,$74501
138,GLOBALLOGICINC,2083.0,$102073
139,PYRAMID TECHNOLOGY SOLUTIONS INC,2082.0,$71778
140,TECHNOSOFT CORPORATION,2064.0,$84546
141,HEWLETT PACKARD ENTERPRISE COMPANY,2061.0,$128510
142,HITACHI CONSULTING CORPORATION,2050.0,$87164
143,FEDEX CORPORATE SERVICES INC,2035.0,$73259
144,GLOBALFOUNDRIES US INC,2029.0,$86831
145,VERIZON DATA SERVICES LLC,2024.0,$114306
146,MEDTRONIC INC,2010.0,$93408
147,SRS CONSULTING INC,1996.0,$98198
148,CSC COVANSYS CORPORATION,1989.0,$73666
149,SYMANTEC CORPORATION,1968.0,$124995
150,DISCOVER PRODUCTS INC,1965.0,$80575
151,STATE STREET BANK AND TRUST COMPANY,1962.0,$106579
152,CYBERTHINK INC,1958.0,$81402
153,THE BOARD OF TRUSTEES OF THE LELAND STANFORD JR UNIVERSITY,1957.0,$83554
154,FIS MANAGEMENT SERVICES LLC,1952.0,$106461
155,NIIT TECHNOLOGIES LIMITED,1947.0,$76366
156,SERVICENOW INC,1938.0,$118054
157,AKAMAI TECHNOLOGIES INC,1936.0,$115439
158,WAYFAIR LLC,1926.0,$107028
159,ZS ASSOCIATES INC,1926.0,$113794
160,MCKINSEY & COMPANY INC UNITED STATES,1918.0,$140722
161,RANDSTAD TECHNOLOGIES LP,1915.0,$105805
162,NETAPP INC,1894.0,$118474
163,DELL MARKETING LP,1890.0,$99012
164,VISA USA INC,1890.0,$115357
165,YALE UNIVERSITY,1887.0,$85365
166,KPIT INFOSYSTEMS INC,1885.0,$71768
167,CAPGEMINI FINANCIAL SERVICES USA INC,1867.0,$82282
168,DELL USA LP,1843.0,$114552
169,CHARTER COMMUNICATIONS INC,1833.0,$96442
170,DELL PRODUCTS LP,1807.0,$110338
171,MERRILL LYNCH,1806.0,$130129
172,JOHNS HOPKINS UNIVERSITY,1803.0,$76790
173,IDEXCEL INC,1801.0,$95761
174,INFINITE COMPUTER SOLUTIONS INC,1784.0,$90490
175,ADOBE INC,1776.0,$137377
176,VEDICSOFT SOLUTIONS LLC,1771.0,$71335
177,US BANK NATIONAL ASSOCIATION,1771.0,$106786
178,PALO ALTO NETWORKS INC,1768.0,$143328
179,EXLSERVICECOM LLC,1755.0,$93447
180,SYNAPSIS INC,1754.0,$78415
181,AIRBNB INC,1752.0,$173174
182,VENTOIS INC,1748.0,$85824
183,UNIVERSITY OF CALIFORNIA SAN FRANCISCO,1736.0,$83171
184,NISUM TECHNOLOGIES INC,1724.0,$119214
185,ECLINICALWORKS LLC,1721.0,$81931
186,INTRAEDGE INC,1721.0,$80596
187,UNIVERSITY OF COLORADO,1717.0,$75398
188,ITC INFOTECH (USA) INC,1714.0,$81784
189,AUTODESK INC,1707.0,$117594
190,CAREMARK LLC,1695.0,$98554
191,UNIVERSITY OF PITTSBURGH,1690.0,$60768
192,DFS CORPORATE SERVICES LLC,1689.0,$99986
193,ADP TECHNOLOGY SERVICES INC,1682.0,$102774
194,WESTERN DIGITAL TECHNOLOGIES INC,1682.0,$122863
195,THE UNIVERSITY OF CHICAGO,1680.0,$70592
196,NAGARRO INC,1672.0,$83758
197,COMPUTER SCIENCES CORPORATION,1672.0,$74063
198,VISA TECHNOLOGY & OPERATIONS LLC,1667.0,$111747
199,ORION SYSTEMS INTEGRATORS LLC,1666.0,$95020
200,DALLAS INDEPENDENT SCHOOL DISTRICT,1665.0,$55429
201,SLALOM LLC,1661.0,$117741
202,BAYLOR COLLEGE OF MEDICINE,1657.0,$77479
203,TAVANT TECHNOLOGIES INC,1648.0,$98175
204,YAHOO! INC,1647.0,$113488
205,MASTERCARD INTERNATIONAL INCORPORATED,1645.0,$104782
206,PERFICIENT INC,1642.0,$105850
207,TARGET ENTERPRISE INC,1641.0,$108627
208,NORTHWESTERN UNIVERSITY,1636.0,$67958
209,AT&T SERVICES INC,1635.0,$126336
210,WELLS FARGO BANK NA,1631.0,$122142
211,GENERAL HOSPITAL CORPORATION,1630.0,$63186
212,PIONEER CONSULTING SERVICES LLC,1623.0,$85021
213,NIKE INC,1609.0,$126554
214,SAP LABS LLC,1606.0,$121756
215,DELOITTE & TOUCHE LLP,1602.0,$73465
216,MORGAN STANLEY & CO LLC,1596.0,$141898
217,ALTIMETRIK CORP,1588.0,$90299
218,UNIVERSITY OF FLORIDA,1587.0,$109485
219,TEXAS INSTRUMENTS INCORPORATED,1584.0,$113505
220,IPOLARITY LLC,1576.0,$73038
221,GSS INFOTECH CT INC,1570.0,$74325
222,ITECH US INC,1568.0,$96795
223,UNIVERSITY OF CALIFORNIA SAN DIEGO,1556.0,$73715
224,LOGIC PLANET INC,1553.0,$81069
225,CAPGEMINI US LLC,1551.0,$95630
226,CADENCE DESIGN SYSTEMS INC,1547.0,$122802
227,NETFLIX INC,1535.0,$221352
228,MARVELL SEMICONDUCTOR INC,1534.0,$114091
229,ICAHN SCHOOL OF MEDICINE AT MOUNT SINAI,1530.0,$88998
230,LEAD IT CORPORATION,1530.0,$74852
231,STRATEGIC RESOURCES INTERNATIONAL INC,1527.0,$74916
232,THE UNIVERSITY OF IOWA,1522.0,$95129
233,RJT COMPUQUEST INC,1515.0,$77518
234,BROADCOM CORPORATION,1510.0,$120692
235,LYFT INC,1498.0,$170486
236,AMDOCS INC,1497.0,$101715
237,CHARLES SCHWAB AND COMPANY INC,1492.0,$114721
238,UT-BATTELLE LLC (OAK RIDGE NATIONAL LABORATORY),1480.0,$90386
239,UNIVERSITY OF MINNESOTA,1479.0,$67840
240,QUALCOMM ATHEROS INC,1479.0,$117865
241,MASTECH INC A MASTECH HOLDINGS INC COMPANY,1475.0,$88734
242,PURDUE UNIVERSITY,1470.0,$76430
243,ADOBE SYSTEMS INCORPORATED,1465.0,$122608
244,MASSACHUSETTS INSTITUTE OF TECHNOLOGY,1464.0,$67182
245,CITRIX SYSTEMS INC,1456.0,$118325
246,CYMA SYSTEMS INC,1454.0,$85552
247,ENGINEERING TECHNOLOGY ASSOCIATES INC,1437.0,$68506
248,MAKEURCAREER LLC,1433.0,$82972
249,XORIANT CORPORATION,1432.0,$97177
250,INFOSHARE SYSTEMS INC,1416.0,$78784
251,MICHIGAN STATE UNIVERSITY,1415.0,$74872
252,APPLAB SYSTEMS INC,1409.0,$74152
253,THE UNIVERSITY OF TEXAS MD ANDERSON CANCER CENTER,1403.0,$71444
254,MUFG UNION BANK NA,1395.0,$124172
255,UNIVERSITY OF CALIFORNIA LOS ANGELES,1392.0,$84520
256,QUEST GLOBAL SERVICES- NA INC,1390.0,$85757
257,EVEREST CONSULTING GROUP INC,1390.0,$84951
258,DATA INC,1376.0,$109067
259,MYTHRI CONSULTING LLC,1355.0,$83139
260,UNIVERSITY OF ILLINOIS,1355.0,$74764
261,CNET GLOBAL SOLUTIONS INC,1355.0,$79682
262,SDLC MANAGEMENT INC,1350.0,$75495
263,WASHINGTON UNIVERSITY IN ST LOUIS,1348.0,$76415
264,UNIVERSITY OF CALIFORNIA DAVIS,1344.0,$80126
265,SNAP INC,1338.0,$121530
266,UBS BUSINESS SOLUTIONS US LLC,1322.0,$113304
267,ZILLOW INC,1322.0,$127876
268,THE UNIVERSITY OF SOUTHERN CALIFORNIA,1317.0,$81668
269,SIRI INFOSOLUTIONS INC,1317.0,$85493
270,THE OHIO STATE UNIVERSITY,1316.0,$89401
271,THE PENNSYLVANIA STATE UNIVERSITY,1315.0,$77053
272,DEUTSCHE BANK SECURITIES INC,1312.0,$131449
273,UNIVERSITY OF WASHINGTON,1303.0,$87958
274,CAPITAL ONE SERVICES II LLC,1301.0,$93465
275,DOTCOM TEAM LLC,1297.0,$88002
276,AMAZON DEVELOPMENT CENTER US INC,1293.0,$132152
277,FCA US LLC,1288.0,$102456
278,ANTRA INC,1287.0,$83061
279,SYNOPSYS INC,1287.0,$113724
280,JUNIPER NETWORKS INC,1284.0,$128093
281,NOKIA OF AMERICA CORPORATION,1272.0,$123132
282,THE UNIVERSITY OF TEXAS AT AUSTIN,1265.0,$77828
283,FUSION PLUS SOLUTIONS INC,1262.0,$81468
284,ZENSAR TECHNOLOGIES INC,1260.0,$88545
285,RIVIAN AUTOMOTIVE LLC,1256.0,$137259
286,CIBER INC,1255.0,$95755
287,GENERAL ELECTRIC COMPANY,1252.0,$125207
288,AETNA RESOURCES LLC,1251.0,$116972
289,LAM RESEARCH CORPORATION,1250.0,$114719
290,TEK LEADERS INC,1248.0,$78751
291,NEMO IT SOLUTIONS INC,1244.0,$75493
292,GROUPON INC,1243.0,$117631
293,TIBCO SOFTWARE INC,1229.0,$111487
294,UNIVERSITY OF UTAH,1224.0,$87741
295,BRIGHAM AND WOMEN'S HOSPITAL,1219.0,$67439
296,AECOM TECHNICAL SERVICES INC,1218.0,$69928
297,KELLTON TECH INC,1216.0,$73540
298,HOWARD HUGHES MEDICAL INSTITUTE,1215.0,$59370
299,USM BUSINESS SYSTEMS INC,1208.0,$81709
300,ALPHA NET CONSULTING LLC,1207.0,$95459
301,FISERV SOLUTIONS LLC,1206.0,$101398
302,INDEED INC,1192.0,$103184
303,THE TRUSTEES OF PRINCETON UNIVERSITY,1189.0,$71547
304,CIBER GLOBAL LLC,1188.0,$94543
305,VALUEMOMENTUM INC,1183.0,$103137
306,TEXAS A&M UNIVERSITY,1175.0,$73228
307,FIDELITY BROKERAGE SERVICES LLC,1175.0,$91586
308,TECHLAND INC,1173.0,$80958
309,WORKDAY INC,1172.0,$129383
310,TERADATA OPERATIONS INC,1171.0,$110294
311,VERIDIC SOLUTIONS LLC,1168.0,$89482
312,NUTANIX INC,1163.0,$142258
313,DB GLOBAL TECHNOLOGY INC,1155.0,$100703
314,MARVELL TECH LLC,1153.0,$63229
315,SAMSUNG AUSTIN SEMICONDUCTOR LLC,1149.0,$117348
316,VERITAS TECHNOLOGIES LLC,1149.0,$123197
317,SAGE IT INC,1147.0,$77110
318,CVS PHARMACY INC,1146.0,$114733
319,SPRINT CORPORATION,1144.0,$92126
320,DELTA SYSTEM & SOFTWARE INC,1140.0,$72004
321,PAMTEN INC,1135.0,$89392
322,ETOUCH SYSTEMS CORPORATION,1133.0,$102195
323,8K MILES SOFTWARE SERVICES INC,1125.0,$80417
324,BDO USA LLP,1123.0,$78176
325,INOVALON INC,1123.0,$93339
326,NORDSTROM INC,1122.0,$129262
327,SAMSUNG ELECTRONICS AMERICA INC,1122.0,$120180
328,INOVANT LLC,1121.0,$104134
329,UNIVERSITY OF MARYLAND COLLEGE PARK,1119.0,$78224
330,CITIGROUP GLOBAL MARKETS INC,1119.0,$145719
331,STAPLES INC,1118.0,$108006
332,TECHNUMEN INC,1117.0,$83037
333,QUALITY MATRIX INC,1116.0,$78866
334,DROPBOX INC,1115.0,$141264
335,ST JUDE CHILDREN'S RESEARCH HOSPITAL,1115.0,$66308
336,ASPIRE SYSTEMS INC,1114.0,$84581
337,THE JOHNS HOPKINS UNIVERSITY,1112.0,$72886
338,NEW YORK UNIVERSITY,1111.0,$91363
339,LOWE'S COMPANIES INC,1108.0,$121430
340,TANISHA SYSTEMS INC,1106.0,$77220
341,APLOMB TECHNOLOGIES INC,1100.0,$77279
342,RUTGERS THE STATE UNIVERSITY OF NEW JERSEY,1098.0,$83059
343,CONSULTADD INC,1093.0,$89426
344,DELOITTE TRANSACTIONS AND BUSINESS ANALYTICS LLP,1093.0,$80438
345,CAPITAL ONE NATIONAL ASSOCIATION,1092.0,$91251
346,SPLUNK INC,1083.0,$149569
347,ARIZONA STATE UNIVERSITY,1076.0,$76085
348,CHILDREN'S HOSPITAL CORPORATION,1076.0,$69124
349,CATERPILLAR INC,1073.0,$103119
350,CHARTER GLOBAL INC,1071.0,$79690
351,NEW YORK UNIVERSITY SCHOOL OF MEDICINE,1071.0,$83466
352,UNIVERSITY OF ILLINOIS AT CHICAGO,1070.0,$91729
353,FACTSET RESEARCH SYSTEMS INC,1069.0,$99163
354,CAPGEMINI AMERICA INC (LEGACY CAPGEMINI FINANCIAL SERVICES INC),1069.0,$106652
355,INDIANA UNIVERSITY,1068.0,$76102
356,NESS USA INC,1067.0,$88389
357,SWANKTEK INC,1065.0,$82741
358,PINTEREST INC,1063.0,$131254
359,SOFTPATH SYSTEM LLC,1061.0,$70181
360,SQUARE INC,1053.0,$141417
361,HONEYWELL INTERNATIONAL INC,1053.0,$113718
362,E-GIANTS TECHNOLOGIES LLC,1052.0,$81969
363,UNIVERSITY OF CALIFORNIA BERKELEY,1052.0,$82032
364,SUDHI INFOMATICS INC,1049.0,$68777
365,EGEN SOLUTIONS INC,1049.0,$89743
366,HOME DEPOT PRODUCT AUTHORITY LLC,1046.0,$114216
367,AMGEN INC,1043.0,$110988
368,MITCHELL/MARTIN INC,1043.0,$120061
369,FEDERAL SOFT SYSTEMS INC,1042.0,$82645
370,TESLA MOTORS INC,1042.0,$103231
371,GENENTECH INC,1042.0,$111396
372,UNIVERSITY OF NORTH CAROLINA AT CHAPEL HILL,1038.0,$84373
373,SABRE GLBL INC,1036.0,$102196
374,CAPRUS IT INC,1035.0,$84860
375,PVR AMERICA INC,1034.0,$68309
376,IT AMERICA INC,1034.0,$72228
377,PROFICIENT BUSINESS SYSTEMS INC,1034.0,$81030
378,INFOGAIN CORPORATION,1031.0,$96494
379,COGNIZANT WORLDWIDE LIMITED,1031.0,$106436
380,ABBVIE INC,1029.0,$114682
381,CA INC,1029.0,$123531
382,MOTOROLA SOLUTIONS INC,1028.0,$87004
383,MASTECH DIGITAL TECHNOLOGIES INC,1026.0,$93777
384,MCKESSON CORPORATION,1022.0,$107486
385,ORACLE FINANCIAL SERVICES SOFTWARE INC,1022.0,$100964
386,MICROEXCEL INC,1022.0,$84090
387,ADS ALLIANCE DATA SYSTEMS INC,1020.0,$103905
388,DB USA CORE CORPORATION,1020.0,$115015
389,ERNST & YOUNG US LLP,1018.0,$95346
390,AMENSYS INC,1016.0,$78188
391,AGREEYA SOLUTIONS INC,1015.0,$78882
392,AVANI TECHNOLOGY SOLUTIONS INC,1011.0,$77965
393,TECHDEMOCRACY LLC,1009.0,$87514
394,UT SOUTHWESTERN MEDICAL CENTER,1008.0,$70075
395,GILEAD SCIENCES INC,1007.0,$114113
396,SYSINTELLI INC,1007.0,$87806
397,TRANSUNION LLC,1003.0,$82878
398,COLLABERA INC,1000.0,$80267
399,WEILL CORNELL MEDICAL COLLEGE,999.0,$77671
400,SUNERA TECHNOLOGIES INC,999.0,$84872
401,INFORMATICA LLC,998.0,$118187
402,UNIVERSITY OF VIRGINIA,995.0,$71158
403,INFORMATION CONTROL COMPANY LLC,994.0,$89669
404,YBRANT TECHNOLOGIES LLC,990.0,$79588
405,AMAZON FULFILLMENT SERVICES INC,985.0,$126153
406,GLOBALLOGIC INC,984.0,$108897
407,ROBERT BOSCH LLC,984.0,$106937
408,BITWISE INC,977.0,$76514
409,NIC INFO TEK INC,976.0,$73773
410,VINTECH SOLUTIONS INC,974.0,$81697
411,MEMORIAL SLOAN-KETTERING CANCER CENTER,973.0,$90315
412,ILLUMINA INC,972.0,$100993
413,THE CURATORS OF THE UNIVERSITY OF MISSOURI,972.0,$86859
414,PPD DEVELOPMENT LP,969.0,$85844
415,HENRY FORD HEALTH SYSTEM,968.0,$110909
416,AKVARR INC,964.0,$71169
417,INNOVATIVE INTELLIGENT SOLUTIONS LLC,963.0,$83059
418,COX AUTOMOTIVE CORPORATE SERVICES LLC,962.0,$117027
419,WAYMO LLC,961.0,$164715
420,ROCKWELL COLLINS INC,961.0,$93392
421,NORTHSTAR GROUP INC,951.0,$70059
422,PURE STORAGE INC,950.0,$150157
423,IQVIA INC,948.0,$104606
424,VISTA APPLIED SOLUTIONS GROUP INC,947.0,$80349
425,BRISTOL-MYERS SQUIBB COMPANY,947.0,$119904
426,SEARS HOLDINGS MANAGEMENT CORPORATION,946.0,$104747
427,SONY INTERACTIVE ENTERTAINMENT LLC,946.0,$134229
428,KLA-TENCOR CORPORATION,944.0,$114368
429,THE GAP INC,942.0,$121611
430,UNITED SOFTWARE GROUP INC,942.0,$81767
431,TRW AUTOMOTIVE INC,942.0,$89582
432,DATAQUEST CORP,942.0,$80346
433,TRINGAPPS INC,941.0,$69905
434,ANALOG DEVICES INC,941.0,$94432
435,MONTEFIORE MEDICAL CENTER,939.0,$103277
436,ICONSOFT INC,939.0,$101028
437,JOHNSON CONTROLS INC,936.0,$87500
438,GOLDMAN SACHS BANK USA,932.0,$122358
439,ORPINE INC,932.0,$80456
440,HUGHES NETWORK SYSTEMS LLC,928.0,$91392
441,TECHNO-COMP INC,926.0,$85636
442,SAIBERSYS INC,923.0,$74554
443,NEW YORK TECHNOLOGY PARTNERS INC,920.0,$82749
444,DUKE UNIVERSITY AND MEDICAL CENTER,920.0,$75108
445,ELECTRONIC ARTS INC,917.0,$125248
446,SOFTVISION LLC,916.0,$86434
447,UNIVERSITY OF ARKANSAS FOR MEDICAL SCIENCES,916.0,$121916
448,NORTH CAROLINA STATE UNIVERSITY,915.0,$64753
449,YASH & LUJAN CONSULTING INC,914.0,$79669
450,LAWRENCE BERKELEY NATIONAL LABORATORY,912.0,$91586
451,BOFA SECURITIES INC,911.0,$164080
452,DISH NETWORK LLC,911.0,$90769
453,EQUIFAX INC,910.0,$99335
454,MIRACLE SOFTWARE SYSYTEMS INC,908.0,$85121
455,XAVIENT INFORMATION SYSTEMS INC,908.0,$82445
456,UNIVERSITY OF WISCONSIN-MADISON,906.0,$66523
457,NCS PEARSON INC,905.0,$94240
458,CAMELOT INTEGRATED SOLUTIONS INC,903.0,$81590
459,ADROIX CORP,899.0,$78043
460,IBLESOFT INC,899.0,$70424
461,VSION TECHNOLOGIES INC,899.0,$85739
462,COOLSOFT LLC,895.0,$77010
463,SMART WORKS LLC,895.0,$84573
464,BATTELLE MEMORIAL INSTITUTE,895.0,$85952
465,DANA-FARBER CANCER INSTITUTE,894.0,$66702
466,GSPANN TECHNOLOGIES INC,893.0,$106430
467,LENDINGCLUB CORPORATION,890.0,$129984
468,BANK OF THE WEST,889.0,$113333
469,DGN TECHNOLOGIES INC,887.0,$108735
470,EXILANT TECHNOLOGIES PRIVATE LIMITED,884.0,$100943
471,CITICORP CREDIT SERVICES INC (USA),882.0,$119511
472,VISIONET SYSTEMS INC,880.0,$79194
473,CODESMART INC,879.0,$79437
474,INTALENT LLC,879.0,$70583
475,TEMPLE UNIVERSITY--A COMMONWEALTH UNIVERSITY,878.0,$88267
476,ARICENT TECHNOLOGIES (HOLDINGS) LTD,878.0,$97572
477,THE NIELSEN COMPANY (US) LLC,877.0,$104088
478,L&T TECHNOLOGY SERVICES LTD,877.0,$63435
479,KASTECH SOLUTIONS LLC,874.0,$87600
480,XAVIENT DIGITAL LLC,869.0,$97952
481,ARISTA NETWORKS INC,867.0,$119301
482,TWILIO INC,866.0,$155558
483,SAGITEC SOLUTIONS LLC,865.0,$94047
484,LOGIC PLANET CS INC,864.0,$68521
485,STARBUCKS COFFEE COMPANY,863.0,$125071
486,SIRITEK INC,862.0,$85174
487,AIG EMPLOYEE SERVICES INC,861.0,$108052
488,SQA CONCEPTS INC,860.0,$79981
489,UHCP D/B/A UPMC MEDICAL EDUCATION,858.0,$61665
490,SAVANTIS SOLUTIONS LLC,857.0,$92315
491,CORNELL UNIVERSITY,855.0,$81038
492,VALUELABS INC,854.0,$87740
493,KRONSYS INC,854.0,$73261
494,SRIVEN SYSTEMS INC,852.0,$81751
495,MICROINFO INC,851.0,$72018
496,SCHNEIDER ELECTRIC USA INC,850.0,$84602
497,SAMSUNG RESEARCH AMERICA INC,849.0,$134726
498,CLOUD BIG DATA TECHNOLOGIES LLC,847.0,$78535
499,THE UNIVERSITY OF TEXAS HEALTH SCIENCE CENTER AT HOUSTON,847.0,$110685
500,I28 TECHNOLOGIES CORPORATION,847.0,$72233
501,COMTEC CONSULTANTS INC,843.0,$93548
502,ARIBA INC,843.0,$122300
503,LARSEN & TOUBRO TECHNOLOGY SERVICES LTD,843.0,$61422
504,LATENTVIEW ANALYTICS CORPORATION,843.0,$101412
505,HALLIBURTON ENERGY SERVICES INC,843.0,$102786
506,F5 NETWORKS INC,842.0,$119432
507,UNIVERSITY OF HOUSTON SYSTEM,842.0,$70449
508,HP INC,841.0,$114454
509,ANSYS INC,840.0,$94450
510,UNIVERSITY OF KENTUCKY,839.0,$111126
511,BECTON DICKINSON AND COMPANY,838.0,$110072
512,ADAEQUARE INC,836.0,$81695
513,ASURION LLC,836.0,$113951
514,UNIVERSITY OF MASSACHUSETTS MEDICAL SCHOOL,834.0,$65825
515,CASE WESTERN RESERVE UNIVERSITY,833.0,$57085
516,HSBC BANK USA NA,833.0,$119534
517,CONNVERTEX TECHNOLOGIES INC,831.0,$76756
518,HM HEALTH SOLUTIONS INC,831.0,$91823
519,SREE INFOTECH LLC,829.0,$76341
520,TRUSTEES OF BOSTON UNIVERSITY,828.0,$92605
521,DOORDASH INC,827.0,$177002
522,CARNEGIE MELLON UNIVERSITY,826.0,$81348
523,HADIAMONDSTAR SOFTWARE SOLUTIONS LLC,824.0,$75835
524,SATYAM-VENTURE ENGINEERING SERVICES PVT LTD,821.0,$68463
525,DELASOFT INC,821.0,$84195
526,TABNER INC,818.0,$89777
527,IT RESOURCES INC,814.0,$79961
528,DEUTSCHE BANK NEW YORK BRANCH,812.0,$124137
529,CIGNITI TECHNOLOGIES INC,811.0,$88557
530,INFOLOB SOLUTIONS INC,811.0,$89149
531,IOWA STATE UNIVERSITY OF SCIENCE AND TECHNOLOGY,810.0,$67816
532,CREDIT SUISSE SERVICES (USA) LLC,808.0,$105559
533,FRIENDLY CONSULTANTS INC,806.0,$76560
534,SAPPHIRE SOFTWARE SOLUTIONS INC,803.0,$87457
535,LANCESOFT INC,803.0,$80128
536,NEO PRISM SOLUTIONS LLC,802.0,$79236
537,BYTEDANCE INC,802.0,$166579
538,WEBILENT TECHNOLOGY INC,801.0,$81287
539,KPIT INFOSYSTEMS INCORPORATED,801.0,$78501
540,DIVENSI INC,801.0,$69206
541,NXP USA INC,800.0,$108066
542,FORTINET INC,800.0,$126293
543,SAPOT SYSTEMS INC,800.0,$76465
544,BROOKHAVEN NATIONAL LABORATORY,799.0,$89010
545,QUEST GLOBAL SERVICES-NA INC,798.0,$78898
546,VIRGINIA POLYTECHNIC INSTITUTE & STATE UNIVERSITY,796.0,$77599
547,MICROCHIP TECHNOLOGY INC,796.0,$81020
548,BARCLAYS CAPITAL INC,796.0,$143252
549,INFOSTRETCH CORPORATION,793.0,$99253
550,SAMSUNG SEMICONDUCTOR INC,791.0,$136480
551,ADROIT ASSOCIATES INC,791.0,$80203
552,ASML US LP,789.0,$114433
553,RAMPS INTERNATIONAL INC,789.0,$85264
554,CENTRAPRISE CORP,788.0,$81231
555,ETEK IT SERVICES INC,788.0,$80051
556,SPERIDIAN TECHNOLOGIES LLC,786.0,$77788
557,AVANT SYSTEMS INC,784.0,$71656
558,TATA TECHNOLOGIES INC,784.0,$76182
559,THE UNIVERSITY OF GEORGIA,781.0,$66595
560,CITIZENS FINANCIAL GROUP INC,779.0,$101813
561,TECH MATRIX INC,776.0,$75136
562,SMARTSOFT INTERNATIONAL INC,776.0,$72204
563,BARCLAYS SERVICES LLC,776.0,$119311
564,THE BANK OF NEW YORK MELLON,776.0,$131186
565,AMGEN INCORPORATED,775.0,$119756
566,PYRAMID CONSULTING INC,775.0,$85495
567,MOTOROLA MOBILITY LLC,774.0,$95577
568,WHIRLPOOL CORPORATION,774.0,$96362
569,ARM INC,773.0,$115742
570,AMERICAN EXPRESS COMPANY,769.0,$113113
571,NCR CORPORATION,768.0,$93314
572,KEYPIXEL SOFTWARE SOLUTIONS LLC,768.0,$74920
573,INTERNATIONAL SOFTWARE SYSTEMS INC,767.0,$76113
574,THERMO FISHER SCIENTIFIC INC,767.0,$93521
575,TACHYON TECHNOLOGIES LLC,766.0,$79776
576,ALLIED INFORMATICS INC,765.0,$72850
577,XILINX INC,764.0,$129109
578,KJ INFO LLC,764.0,$77487
579,DIZER CORP,763.0,$71557
580,MOODY'S ANALYTICS INC,762.0,$112415
581,3S BUSINESS CORPORATION,762.0,$79981
582,MAXIM INTEGRATED PRODUCTS INC,761.0,$107079
583,STANDAV CORP,760.0,$94439
584,IMPETUS TECHNOLOGIES INC,759.0,$102869
585,LEX NIMBLE SOLUTIONS INC,757.0,$83408
586,ADVENT GLOBAL SOLUTIONS INC,754.0,$74056
587,OREGON HEALTH & SCIENCE UNIVERSITY,752.0,$89465
588,NATIONWIDE INSURANCE,752.0,$92580
589,JEFFERIES LLC,750.0,$107001
590,TECHPILLARS INC,750.0,$79071
591,UNIVERSITY OF MARYLAND BALTIMORE,749.0,$79730
592,NOBLESOFT SOLUTIONS INC,749.0,$83716
593,MICRONET IT SOLUTIONS INC,749.0,$84706
594,APPS ASSOCIATES LLC,748.0,$95077
595,DAMIAN CONSULTING INC,745.0,$70012
596,INFOR (US) INC,745.0,$100247
597,GUIDEWIRE SOFTWARE INC,744.0,$120652
598,ATLASSIAN INC,741.0,$136334
599,APTIV CORPORATION,741.0,$90751
600,CINCINNATI CHILDREN'S HOSPITAL MEDICAL CENTER,740.0,$76666
601,DATASERV INC,740.0,$81991
602,EXPEDENT CORP,739.0,$79040
603,SCEPTER TECHNOLOGIES INC,738.0,$84128
604,CYBERSOURCE CORPORATION,736.0,$110006
605,FRONTIER TECHNOLOGIES LLC,735.0,$84257
606,HARMAN CONNECTED SERVICES INC,735.0,$88932
607,INTUITIVE SURGICAL OPERATIONS INC,733.0,$120930
608,CARDINAL HEALTH INC,732.0,$92058
609,THE LELAND STANFORD JR UNIVERSITY,732.0,$86686
610,NICHE SOFTWARE SOLUTIONS INC,730.0,$68212
611,ARICENT NA INC,728.0,$114463
612,GODADDYCOM LLC,728.0,$123637
613,FEDERAL HOME LOAN MORTGAGE CO,728.0,$97638
614,INFOMERICA INC,726.0,$73517
615,SOFTPATH TECHNOLOGIES LLC,724.0,$74553
616,UNIVERSITY OF ROCHESTER,723.0,$100746
617,C-VISION INC,723.0,$73958
618,GRANT THORNTON LLP,722.0,$96348
619,VSQUARE INFOTECH INC,721.0,$70311
620,NB VENTURES INC,721.0,$102104
621,ARKA TECHNOLOGIES INC,721.0,$78400
622,HALLMARK GLOBAL TECHNOLOGIES INC,718.0,$83723
623,SAAMA TECHNOLOGIES INC,717.0,$109256
624,YELP INC,717.0,$136902
625,DEEMSYS INC,717.0,$77437
626,CALIFORNIA INSTITUTE OF TECHNOLOGY,715.0,$68171
627,THE UNIVERSITY OF ARIZONA,714.0,$75033
628,ENVIRONMENTAL SYSTEMS RESEARCH INSTITUTE INC,711.0,$84633
629,PROLIFICS INC,711.0,$96772
630,BOARD OF REGENTS OF THE UNIVERSITY OF NEBRASKA,710.0,$68863
631,MANHATTAN ASSOCIATES INC,709.0,$98295
632,AXTRIA INC,709.0,$97553
633,KPIT TECHNOLOGIES INC,708.0,$79272
634,NEUMERIC TECHNOLOGIES CORPORATION,708.0,$78200
635,RACKSPACE US INC,707.0,$107758
636,CIGNA HEALTH AND LIFE INSURANCE COMPANY,707.0,$114846
637,STRIPE INC,707.0,$133330
638,UNIVERSITY OF PITTSBURGH PHYSICIANS,706.0,$203104
639,INDIANA UNIV PURDUE UNIV INDIANAPOLIS,706.0,$58226
640,GEOMETRIC AMERICAS INC,706.0,$73967
641,COMPUTEK SOULUTIONS INC,705.0,$71213
642,INTERCONTINENTAL EXCHANGE HOLDINGS INC,705.0,$93616
643,XTGLOBAL INC,703.0,$85640
644,RBC CAPITAL MARKETS LLC,701.0,$133969
645,UNIVERSITY OF MIAMI,699.0,$115726
646,SIEMENS ENERGY INC,698.0,$102455
647,BLACK & VEATCH CORPORATION,695.0,$78747
648,ISITE TECHNOLOGIES INC,694.0,$76731
649,BUSINESS INTELLI SOLUTIONS INC,694.0,$69906
650,SPOTIFY USA INC,693.0,$153673
651,PTC INC,693.0,$92420
652,LHP SOFTWARE LLC,692.0,$75535
653,SBP CONSULTING INC,691.0,$84864
654,LORSHI SYSTEMS LLC,691.0,$70079
655,MACY'S SYSTEMS AND TECHNOLOGY INC,690.0,$125588
656,VYZER SOLUTIONS INC,690.0,$80701
657,UBS SECURITIES LLC,688.0,$121310
658,TECHDATA SERVICE COMPANY LLC,688.0,$96544
659,GLOBAL DATA MART INC,686.0,$72765
660,HCL AMERICA SOLUTIONS INC,685.0,$88120
661,NGA GROUP INC,682.0,$75326
662,YANA SOFTWARE INC,682.0,$70147
663,CBRE INC,682.0,$98145
664,TRISYNC TECHNOLOGIES INC,681.0,$75713
665,DXC TECHNOLOGY SERVICES LLC,679.0,$94606
666,ANIRA SOLUTIONS INC,678.0,$83219
667,IDHASOFT INC,677.0,$66750
668,QUANTUM INTEGRATORS GROUP LLC,677.0,$74747
669,RITE PROS INC,676.0,$86053
670,LARSEN AND TOUBRO INFOTECH LIMITED,675.0,$72341
671,DATA SYSTEMS INTEGRATION GROUP INC,675.0,$76331
672,ZIMMER INC,673.0,$82909
673,ASTRAZENECA PHARMACEUTICALS LP,672.0,$132112
674,PALVAI GLOBAL SERVICES INC,672.0,$72995
675,PRO-TEK CONSULTING,672.0,$80783
676,GEORGIA INSTITUTE OF TECHNOLOGY,671.0,$75235
677,GALAXESOLUTIONS INC,671.0,$108730
678,UNIVERSITY OF WISCONSIN SYSTEM,671.0,$75479
679,AZIMETRY INC,671.0,$64633
680,MENTOR GRAPHICS CORPORATION,670.0,$102697
681,UNIVERSITY OF CONNECTICUT,670.0,$70818
682,JB HUNT TRANSPORT INC,669.0,$93609
683,SAVI TECHNOLOGIES INC,667.0,$80131
684,CSTS TECHNOLOGIES INC,666.0,$67683
685,GLOBAL INFOTECH INC,665.0,$80197
686,CYBAGE SOFTWARE INC,665.0,$80813
687,PEGAFRAME INFOTECH INC,663.0,$66526
688,BELL INFO SOLUTIONS LLC,663.0,$76141
689,RIVERBED TECHNOLOGY INC,662.0,$121225
690,THE UNIVERSITY OF TENNESSEE,662.0,$73325
691,I3INFOTEK INC,662.0,$75216
692,UNIFY SOLUTIONS INC,662.0,$79919
693,PIKE SOLUTIONS INC,661.0,$69752
694,ARROW ELECTRONICS INC,659.0,$112906
695,TECHASPECT SOLUTIONS INC,654.0,$95604
696,RAMP TECHNOLOGY GROUP LLC,654.0,$71377
697,THE PRUDENTIAL INSURANCE COMPANY OF AMERICA,650.0,$108778
698,PRISTINE REHAB CARE LLC,650.0,$64952
699,THE UNIVERSITY OF ALABAMA AT BIRMINGHAM,650.0,$68776
700,WEST VIRGINIA UNIVERSITY,648.0,$158456
701,INSPIRAGE LLC,647.0,$121634
702,AIT GLOBAL INC,647.0,$91385
703,FIRST TEK DOS LLC,646.0,$73874
704,INFO SERVICES LLC,643.0,$85283
705,AMZUR TECHNOLOGIES INC,642.0,$76343
706,AUDIBLE INC,640.0,$128520
707,CLOUDWICK TECHNOLOGIES INC,640.0,$103775
708,SVK SYSTEMS INC,639.0,$79361
709,HERE NORTH AMERICA LLC,638.0,$97901
710,TEXAS TECH UNIVERSITY,637.0,$68315
711,KATALYST TECHNOLOGIES INC,636.0,$76667
712,OVERSTOCKCOM INC,636.0,$100594
713,KAIROS TECHNOLOGIES INC,635.0,$79706
714,WIPRO LLC,635.0,$75793
715,UNICON PHARMA INC,635.0,$77971
716,APPSTEK INC,634.0,$90161
717,HULU LLC,634.0,$139472
718,RAISER TECHNOLOGIES INC,634.0,$57194
719,SG AMERICAS SECURITIES LLC,633.0,$139521
720,OKTA INC,633.0,$135925
721,VIRTUE GROUP LLC,632.0,$74474
722,TECHNOSOFT GROUP INC,630.0,$78011
723,EXPRESS SCRIPTS SERVICES CO,630.0,$113916
724,INDUS VALLEY CONSULTANTS INC,630.0,$74187
725,METLIFE GROUP INC,630.0,$100677
726,PVR TECHNOLOGIES INC,629.0,$86556
727,TRANS AMERICAN INFORMATION SYSTEMS INC,629.0,$102155
728,AMERICAN UNIT INC,629.0,$83417
729,SONATA SOFTWARE NORTH AMERICA INC,628.0,$71396
730,AIG PC GLOBAL SERVICES INC,627.0,$107099
731,UNICORN TECHNOLOGIES LLC,627.0,$77322
732,QUADRANT RESOURCE LLC,627.0,$89000
733,MERCK SHARP & DOHME CORP,626.0,$90634
734,INTELLECT BUSINESS SOLUTIONS LLC,626.0,$77413
735,JNIT TECHNOLOGIES,626.0,$78850
736,BAIN & COMPANY INC,623.0,$134354
737,STATE UNIVERSITY OF NEW YORK AT BUFFALO,622.0,$75904
738,CONCUR TECHNOLOGIES INC,622.0,$116475
739,ITELLIGENCE INC,622.0,$100280
740,MAXIMA CONSULTING INC,622.0,$81931
741,FRED HUTCHINSON CANCER RESEARCH CENTER,621.0,$81609
742,LITMUS7 SYSTEMS CONSULTING INC,620.0,$120048
743,SUCCESSFACTORS INC,619.0,$122511
744,INNOVA SOLUTIONS INC,618.0,$89397
745,VASTEK INC,618.0,$75195
746,INTERNATIONAL TECHNOLOGY SOLUTIONS INC,616.0,$72820
747,MARVEL TECHNOLOGIES INC,616.0,$69969
748,DOCUSIGN INC,616.0,$138694
749,TWO SIGMA INVESTMENTS LP,616.0,$167529
750,CONCH TECHNOLOGIES INC,615.0,$77050
751,UNIVERSITY OF MISSISSIPPI MEDICAL CENTER,615.0,$172032
752,COMMVAULT SYSTEMS INC,615.0,$116437
753,SIEMENS INDUSTRY INC,615.0,$95676
754,SRK SYSTEMS INC,614.0,$84751
755,QUEST IT SOLUTIONS INC,613.0,$72972
756,MACQUARIE HOLDINGS (USA) INC,612.0,$165786
757,ARGHA SERVICES INC,610.0,$63626
758,INSURANCE SERVICES OFFICE INC,610.0,$99948
759,PRELUDE SYSTEMS INC,609.0,$86499
760,LORHAN CORPORATION INC,609.0,$76534
761,SKYWORKS SOLUTIONS INC,609.0,$109931
762,ST BARNABAS HOSPITAL,608.0,$71970
763,ADVANSOFT INTERNATIONAL INC,608.0,$74973
764,OREGON STATE UNIVERSITY,608.0,$68876
765,ESYSTEMS INC,608.0,$92535
766,QUICKEN LOANS INC,607.0,$91706
767,SECURENET SYSTEMS CORPORATION,607.0,$82573
768,ABB INC,606.0,$87417
769,THE PNC FINANCIAL SERVICES GROUP INC,605.0,$103214
770,RED HAT INC,604.0,$110392
771,INFOBIZ SYSTEMS LLC,603.0,$75295
772,UCHICAGO ARGONNE LLC,601.0,$86364
773,PANTAR SOLUTIONS INC,601.0,$91988
774,MOURI TECH LLC,600.0,$86684
775,PFIZER INC,600.0,$90335
776,THE CHILDREN'S HOSPITAL OF PHILADELPHIA,599.0,$73584
777,PARAMOUNT SOFTWARE SOLUTIONS,599.0,$81477
778,ALLIANCEBERNSTEIN LP,599.0,$103381
779,GULFSTREAM AEROSPACE CORPORATION,599.0,$99802
780,SATIN SOLUTIONS LLC,599.0,$77285
781,UNIVERSITY OF CALIFORNIA IRVINE,598.0,$84461
782,RELIANCE GLOBAL SERVICES INC,597.0,$81266
783,MINDLANCE INC,597.0,$100453
784,INTELLISWIFT SOFTWARE INC,595.0,$102061
785,JUNIPER NETWORKS (US) INC,595.0,$112543
786,ELLIE MAE INC,594.0,$132083
787,NORTHWELL HEALTH,594.0,$120309
788,MURPHY-BROWN LLC,594.0,$38176
789,PROMATRIX CORP,594.0,$80307
790,MILLENNIUM INFO TECH INC,594.0,$78223
791,KARWELL TECHNOLOGIIES INC,593.0,$73152
792,WE WORK MANAGEMENT LLC,593.0,$135618
793,OPENLOGIX CORPORATION,592.0,$85618
794,EQUINIX INC,592.0,$135790
795,SHINEWELL TECHNOLOGIES INC,592.0,$71310
796,THE NORTHERN TRUST COMPANY,591.0,$108250
797,BALLY GAMING INC,589.0,$86308
798,MAGIC LEAP INC,587.0,$130539
799,AVIGHNA GLOBAL SOLUTIONS LLC,587.0,$57004
800,APPS SOLUTIONS INC,587.0,$77182
801,REGENERON PHARMACEUTICALS INC,586.0,$116203
802,T2M CONSULTING SERVICES INC,586.0,$68212
803,ISYNC SOLUTIONS INC,585.0,$73243
804,CLOUD HYBRID TECHNOLOGIES LLC,584.0,$73474
805,ONWARD TECHNOLOGIES INC,583.0,$71326
806,SOFTCOM SYSTEMS INC,583.0,$86262
807,NAMITUS TECHNOLOGIES INC,581.0,$79342
808,SOFTNICE INC,581.0,$75474
809,JACOBS ENGINEERING GROUP INC,581.0,$88386
810,ELAN TECHNOLOGIES INC,581.0,$80693
811,BIOGEN INC,580.0,$109825
812,HOUSTON INDEPENDENT SCHOOL DISTRICT,580.0,$53776
813,APPTAD INC,579.0,$89353
814,GARTNER INC,579.0,$111356
815,ISPACE INC,579.0,$77601
816,SAVVY INFO SYSTEMS INC,579.0,$76344
817,WESTERN UNION LLC,578.0,$116893
818,ABBOTT LABORATORIES,578.0,$105724
819,GEO LOGIC SYSTEMS CORP,577.0,$63354
820,SYRAINFOTEK LLC,577.0,$86958
821,SYNERZY SOFTWARE SOLUTIONS INC,577.0,$66191
822,VSLN INTERNATIONAL INC,575.0,$77447
823,THE SHERWIN-WILLIAMS COMPANY,575.0,$95122
824,HUMAC INC,574.0,$75120
825,REI SYSTEMS INC,574.0,$102619
826,VENTURESOFT GLOBAL INC,574.0,$81229
827,I-LINK SOLUTIONS INC,574.0,$83095
828,SOFTHQ,573.0,$70685
829,MPG OPERATIONS LLC,573.0,$120239
830,CHEWY INC,573.0,$124702
831,SEAGATE US LLC,573.0,$105965
832,SARAYU CONSULTANTS INC,572.0,$73823
833,PROCAL TECHNOLOGIES INC,570.0,$88492
834,SMART SOURCE TECHNOLOGIES INC,570.0,$83183
835,MICAN TECHNOLOGIES INC,569.0,$91770
836,VANDERBILT UNIVERSITY,568.0,$66371
837,MAXOTECH SOLUTIONS LLC,568.0,$77591
838,ALPHA CLINICAL SYSTEMS INC,568.0,$68552
839,TASACOM TECHNOLOGIES INC,568.0,$65642
840,BARCLAYS BANK DELAWARE,567.0,$104573
841,EZ2 TECHNOLOGIES INC,566.0,$77693
842,MEDALLIA INC,566.0,$141395
843,SOGETI USA LLC,566.0,$85981
844,CITIGROUP TECHNOLOGY INC,566.0,$126905
845,SCHRILL TECHNOLOGIES INC,565.0,$91876
846,SERVESYS CORPORATION,565.0,$80228
847,DIVERSANT LLC,564.0,$105168
848,ORCHESTRA TECHNOLOGY INC,564.0,$67145
849,TELECOM TECHNOLOGY SERVICES INC,563.0,$72719
850,RIOT GAMES INC,563.0,$111487
851,BIRLASOFT SOLUTIONS INC,563.0,$89972
852,COMSCORE INC,562.0,$88850
853,FARMERS GROUP INC,559.0,$109863
854,MSCI INC,558.0,$98400
855,PALANTIR TECHNOLOGIES INC,558.0,$130778
856,VERINON TECHNOLOGY SOLUTIONS LTD,558.0,$81012
857,TRUIST BANK,558.0,$109597
858,SPRUCE TECHNOLOGY INC,557.0,$90576
859,CLIENT NETWORK SERVICES INC,557.0,$93742
860,QUADRANT 4 SYSTEM CORPORATION,557.0,$74547
861,SILICON STAFF IT SERVICES INC,557.0,$72499
862,QUALCOMM INNOVATION CENTER INC,556.0,$111445
863,VIRTUSA CONSULTING SERVICES PVT LTD,556.0,$93203
864,ANALYSIS GROUP INC,556.0,$110962
865,SRIVEN SYSTEMS OF TX INC,555.0,$79970
866,ATOS IT SOLUTIONS AND SERVICES INC,555.0,$90226
867,CAPGEMINI FINANCIAL SERVICES USA INC (LEGACY KANBAY),555.0,$105606
868,ZEN3 INFOSOLUTIONS AMERICA INC,555.0,$97226
869,BOSTON SCIENTIFIC CORPORATION,554.0,$99499
870,NOVARTIS INSTITUTES FOR BIOMEDICAL RESEARCH INC,554.0,$93891
871,DETROIT ENGINEERED PRODUCTS INC,554.0,$74092
872,IT TRAILBLAZERS LLC,554.0,$82584
873,SYSTIME COMPUTER CORPORATION,554.0,$87724
874,AMERICAN GENERAL LIFE INSURANCE COMPANY,553.0,$101970
875,NATIONAL OILWELL VARCO LP,552.0,$89218
876,ASTIR SERVICES LLC,552.0,$78613
877,MERCURY SYSTEMS INC,552.0,$72408
878,BI LABS INC,552.0,$79718
879,MEMORIAL SLOAN KETTERING CANCER CENTER,551.0,$115094
880,BAYER US LLC,551.0,$125099
881,SPARTA CONSULTING INC,548.0,$109822
882,NOVARTIS PHARMACEUTICALS CORPORATION,548.0,$120723
883,VIRGO INC,548.0,$74664
884,GENUINEIT LLC,547.0,$68941
885,AMADEUS NORTH AMERICA INC,546.0,$102988
886,VIRGINIA COMMONWEALTH UNIVERSITY,546.0,$61411
887,SIEMENS PLM SOFTWARE INC,546.0,$90691
888,THE FLORIDA STATE UNIVERSITY,545.0,$73603
889,VIGILANT TECHNOLOGIES LLC,545.0,$72991
890,HUMANA INC,545.0,$101805
891,CLOUDERA INC,545.0,$136088
892,REDEEMSOFT LLC,545.0,$80209
893,UNIVERSITY OF OKLAHOMA HEALTH SCIENCES CENTER,545.0,$119487
894,MARUTHI TECHNOLOGIES LLC,544.0,$75697
895,HEXACORP LLC,542.0,$72294
896,SAXON GLOBAL INC,542.0,$80778
897,DELPHI CORPORATION,542.0,$78012
898,BDSN INTERNATIONAL INC,542.0,$72294
899,CONTINENTAL AUTOMOTIVE SYSTEMS INC,542.0,$96847
900,ARCADIS US INC,541.0,$79521
901,SAI TECHNOLOGIES LLC,539.0,$75124
902,ROCKWELL AUTOMATION INC,538.0,$94403
903,INFOMATICS CORP,538.0,$80823
904,JEAN MARTIN INC,538.0,$78388
905,ACI INFOTECH INC,537.0,$80620
906,THE DOW CHEMICAL COMPANY,537.0,$100240
907,RUSH UNIVERSITY MEDICAL CENTER,537.0,$90955
908,SVAM INTERNATIONAL INC,537.0,$79304
909,I 5 TECH INC,536.0,$83460
910,WM RICE UNIVERSITY,536.0,$66345
911,CUMMINS EMISSION SOLUTIONS INC,535.0,$73193
912,EVEREST COMPUTERS INC,535.0,$78438
913,AMAZON DATA SERVICES INC,535.0,$124307
914,VASTIKA INC,535.0,$74588
915,JADE GLOBAL INC,534.0,$108877
916,GEORGETOWN UNIVERSITY,534.0,$78150
917,CITADEL LLC,534.0,$148181
918,PARAM CONSULTING SERVICES INC,534.0,$71420
919,OPUS CONSULTING SOLUTIONS INC,534.0,$80198
920,ONLY IT CONSULTING LLC,533.0,$75272
921,THE UNIVERSITY OF TENNESSEE HEALTH SCIENCE CENTER,533.0,$57520
922,FORMAC INC,533.0,$98379
923,OSLO SOLUTIONS LLC,532.0,$86818
924,WAYNE STATE UNIVERSITY,532.0,$73035
925,SYSFORE TECHNOLOGIES INC,532.0,$78000
926,FIREEYE INC,532.0,$120236
927,HGST INC,532.0,$119229
928,BOX INC,531.0,$147664
929,CYPRESS SEMICONDUCTOR CORPORATION,531.0,$112564
930,QUALCOMM INCORPORATED,531.0,$95472
931,GE HEALTHCARE IITS USA CORP,531.0,$109496
932,IMETRIS CORPORATION,531.0,$75565
933,GOVERNMENT EMPLOYEES INSURANCE COMPANY (GEICO),530.0,$107297
934,MONSANTO COMPANY,530.0,$97717
935,MASSACHUSETTS MUTUAL LIFE INSURANCE COMPANY,530.0,$111624
936,SRI TECH SOLUTIONS INC,529.0,$78789
937,ONCORRE INC,529.0,$70010
938,CREDIT KARMA INC,528.0,$144300
939,SMARTPLAY INC,528.0,$120309
940,EATEAM INC,527.0,$71816
941,SUNRAY ENTERPRISE INC,527.0,$70804
942,CELLCO PARTNERSHIP,526.0,$111371
943,SUMMITWORKS TECHNOLOGIES INC,526.0,$68265
944,SAS INSTITUTE INC,525.0,$103551
945,SRNL INTERNATIONAL INC,523.0,$76721
946,AQUA INFORMATION SYSTEMS INC,523.0,$62902
947,CONFLUX SYSTEMS INC,522.0,$84272
948,TECHNOGEN INC,522.0,$95728
949,IPIVOT LLC,521.0,$83347
950,CRITICALRIVER INC,521.0,$76619
951,PARTNERS HEALTHCARE,521.0,$68529
952,AGILITY TECHNOLOGIES LLC,521.0,$76078
953,M ARTHUR GENSLER JR & ASSOCIATES INC,520.0,$65658
954,APPRIDAT SOLUTIONS LLC,520.0,$82761
955,ENTERPRISE IT RESOURCES INC,520.0,$76462
956,TRIPADVISOR LLC,519.0,$107159
957,SENA INFO TECHNOLOGIES INC,518.0,$78177
958,BHRIGUS INC,517.0,$70893
959,SOFTWARE PARADIGMS INTERNATIONAL GROUP LLC,517.0,$72285
960,AMERISOFTPRO SYSTEMS LLC,516.0,$86533
961,SPLN INTERNATIONAL LLC,515.0,$76752
962,MULTIVISION LLC,515.0,$90516
963,KEYSIGHT TECHNOLOGIES INC,515.0,$108650
964,STIAOS TECHNOLOGIES INC,514.0,$72758
965,OBERON IT INC,514.0,$68977
966,INFOCEPTS LLC,514.0,$94145
967,INTEL MOBILE COMMUNICATIONS,513.0,$109426
968,ALCATEL-LUCENT USA INC,512.0,$111296
969,SINGULAR ANALYSTS INC,512.0,$73770
970,INCEDO INC,511.0,$108685
971,ADBAKX LLC,511.0,$84083
972,IMCS GROUP INC,511.0,$73864
973,WINDYCITY TECHNOLOGIES INC,510.0,$77276
974,INTERACTIVE COMMUNICATIONS INTERNATIONAL INC,510.0,$102245
975,KANSAS STATE UNIVERSITY,509.0,$60963
976,GLOBALPOINT INC,509.0,$83778
977,DATA WAREHOUSE LABS INC,509.0,$74562
978,UNIVERSITY OF CALIFORNIA AT SANTA BARBARA,509.0,$77836
979,HERMES MICROVISION INC,508.0,$109102
980,WASHINGTON STATE UNIVERSITY,508.0,$68596
981,SUNTRUST BANKS INC,508.0,$100318
982,PACIFIC INVESTMENT MANAGEMENT COMPANY LLC,506.0,$134358
983,INDSOFT INC,506.0,$84366
984,IBLESOFT INCDUNS#791327054,505.0,$83385
985,AMERICAN INFORMATION TECHNOLOGY CORPORATION,505.0,$55222
986,DAVITA INC,504.0,$95397
987,HORTONWORKS INC,503.0,$133377
988,CIGNITI INC,503.0,$71281
989,IIT JOBS INC,503.0,$90011
990,SANTANDER BANK NA,502.0,$99719
991,SAIPSIT INC,502.0,$84672
992,NORTHEASTERN UNIVERSITY,502.0,$88901
993,MERIDIANSOFT INC,501.0,$77808
994,ROKU INC,501.0,$183883
995,VALIDATION ASSOCIATES LLC,501.0,$73549
996,SKILLSIGHT INC,501.0,$68961
997,SIEMENS MEDICAL SOLUTIONS USA INC,501.0,$111494
998,RAPIDIT INC,500.0,$82005
999,EVERCORE PARTNERS SERVICES EAST LLC,499.0,$126825
1000,HARTFORD FIRE INSURANCE COMPANY,499.0,$102739
1001,DENVER PUBLIC SCHOOLS DISTRICT 1,499.0,$47314
1002,OPENWAVE COMPUTING LLC,498.0,$76135
1003,VANDERBILT UNIVERSITY MEDICAL CENTER,498.0,$82193
1004,NOKIA SOLUTIONS AND NETWORKS US LLC,496.0,$94766
1005,NIHAKI SYSTEMS INC,496.0,$77843
1006,WAYNSYS INC,496.0,$79197
1007,ECONTENTI INC,496.0,$68286
1008,KA-SAPSOLUTIONS INC,495.0,$75409
1009,ESTRADA CONSULTING INC,495.0,$76171
1010,RENEE SYSTEMS INC,494.0,$76607
1011,UNIVERSITY OF NOTRE DAME DU LAC,494.0,$80226
1012,DATA S SOLUTIONS LLC,494.0,$79072
1013,COGENT INFOTECH CORPORATION,493.0,$75957
1014,INNOCORE SOLUTIONS INC,493.0,$93061
1015,SAICON CONSULTANTS INC,492.0,$84515
1016,REGENTS OF THE UNIVERSITY OF CALIFORNIA AT RIVERSIDE,492.0,$74421
1017,PNR SOFTWARE SOLUTIONS CORPORATION,492.0,$72246
1018,CITADEL AMERICAS LLC,490.0,$174992
1019,MOVE INC,489.0,$141534
1020,UNIVERSITY OF TEXAS HEALTH SCIENCE CENTER AT SAN ANTONIO,488.0,$96188
1021,APPLIED COMPUTER TECHNIQUES,488.0,$77841
1022,CEDARS-SINAI MEDICAL CENTER,488.0,$82976
1023,SCHWEITZER ENGINEERING LABORATORIES INC,488.0,$81494
1024,PREMIER IT SOLUTIONS LLC,488.0,$87819
1025,SVB FINANCIAL GROUP,487.0,$120714
1026,UNIVERSITY OF OKLAHOMA,487.0,$66116
1027,NITEOSOFT INC,487.0,$75735
1028,FLEXERA GLOBAL INC,487.0,$81536
1029,THOUGHTWORKS INC,486.0,$125603
1030,KSOFT SYSTEMS INC,485.0,$76053
1031,JNIT TECHNOLOGIES INC,484.0,$91002
1032,GLAXOSMITHKLINE LLC,484.0,$96034
1033,SIGMA SOFTWARE LLC,484.0,$75480
1034,LIBERTY MUTUAL GROUP INC,484.0,$96462
1035,ABAL TECHNOLOGIES INC,484.0,$88573
1036,RESOURCE LOGISTICS INC,484.0,$98486
1037,THE UNIV OF ALA AT BIRMINGHAM (UAB),483.0,$56743
1038,R3 TECHNOLOGY INC,483.0,$95780
1039,CSC HOLDINGS LLC,482.0,$111167
1040,8K MILES HEALTH CLOUD INC,482.0,$73665
1041,IT CATS LLC,480.0,$90836
1042,ZOOX INC,480.0,$141263
1043,HORIZON TECHNOLOGIES INC,480.0,$69330
1044,BLUE CROSS BLUE SHIELD OF MICHIGAN,478.0,$91421
1045,BAHA INDUSTRIES CORP,478.0,$135511
1046,PROSOFT TECHNOLOGY GROUP INC,478.0,$94991
1047,SARAS AMERICA INC,478.0,$66091
1048,SIERRA CONSULTING INC,477.0,$76903
1049,TECHNIP USA INC,476.0,$112051
1050,HCA MANAGEMENT SERVICES LP,475.0,$89359
1051,WASHINGTON UNIVERSITY,475.0,$84910
1052,ELAJIKA INC,474.0,$76132
1053,VIRTUAL MATRIX CORPORATION,474.0,$68545
1054,COVIDIEN LP,474.0,$91586
1055,STANDARD & POOR'S FINANCIAL SERVICES LLC,474.0,$117320
1056,TALENT IT SERVICES INC,474.0,$81721
1057,TECHWAVE CONSULTING INC,474.0,$76725
1058,GOLDMAN SACHS & CO LLC,472.0,$125359
1059,BROADRIDGE FINANCIAL SOLUTIONS INC,471.0,$113641
1060,SPIRENT COMMUNICATIONS INC,471.0,$95205
1061,WELLINGTON MANAGEMENT COMPANY LLP,471.0,$120537
1062,HAPPIEST MINDS TECHNOLOGIES PRIVATE LTD,471.0,$86465
1063,INFOVISION INC,471.0,$94963
1064,SAPVIX INC,469.0,$75364
1065,UNIVERSITY OF HAWAII,468.0,$82307
1066,DASSAULT SYSTEMES AMERICAS CORP,468.0,$106673
1067,A1 KAISER INC,468.0,$72550
1068,JETCOM INC,467.0,$132977
1069,LAKSAN TECHNOLOGIES LLC,467.0,$81991
1070,ADVANCED KNOWLEDGE TECH LLC,467.0,$83441
1071,VEN SOFT LLC,467.0,$75892
1072,ISTREAM SOLUTIONS INC,466.0,$97458
1073,SYMBIOUN TECHNOLOGIES INC,466.0,$86452
1074,FLORIDA INTERNATIONAL UNIVERSITY,466.0,$78326
1075,MAPLEBEAR INC,466.0,$155155
1076,ERP CLOUD TECHNOLOGIES LLC,465.0,$90826
1077,TECHNOSOFT ENGINEERING INC,465.0,$65636
1078,D2SOL INC,465.0,$120798
1079,AQR CAPITAL MANAGEMENT LLC,465.0,$135715
1080,SKORUZ TECHNOLOGIES INC,465.0,$83747
1081,VENSAR TECHNOLOGY INC,465.0,$73985
1082,AMERICLOUD SOLUTIONS INC,465.0,$77644
1083,ANDHUS TECHNOLOGIES INC,463.0,$76144
1084,INFOTECH PRISM LLC,463.0,$81039
1085,ACCENZ LLC,462.0,$63105
1086,CORNERSTONE RESEARCH INC,462.0,$118397
1087,SCOTTLINE LLC,462.0,$88374
1088,LIQUIDHUB INC,462.0,$90652
1089,ANCESTRYCOM OPERATIONS INC,462.0,$123284
1090,TRANSAMERICA LIFE INSURANCE COMPANY,461.0,$82308
1091,AT KEARNEY INC,461.0,$135765
1092,BROCADE COMMUNICATIONS SYSTEMS INC,461.0,$129744
1093,ENTERNET BUSINESS SYSTEMS INC,460.0,$77860
1094,STUBHUB INC,460.0,$145738
1095,VAKTECH CORPORATION LLC,460.0,$75880
1096,AXISCADES INC,460.0,$68197
1097,E-BUSINESS INTERNATIONAL INC,460.0,$94587
1098,AMERICAN TECHNOLOGY CONSULTING LLC,460.0,$76402
1099,OBJECT FRONTIER INC,460.0,$77226
1100,NATIONAL FINANCIAL LLC,459.0,$83325
1101,GALAX-ESYSTEMS CORPORATION,459.0,$107679
1102,OASYS TECHNOLOGIES INC,459.0,$83341
1103,UNIVERSITY OF NEBRASKA MEDICAL CENTER,459.0,$57673
1104,POLARIS CONSULTING AND SERVICES LTD,458.0,$78292
1105,LENORA SYSTEMS INC,458.0,$83977
1106,MORNINGSTAR INC,458.0,$92262
1107,NARTAL SYSTEMS INC,457.0,$79121
1108,MAJESCO SOFTWARE AND SOLUTIONS INC,457.0,$90302
1109,DEXTRO SOFTWARE SYSTEMS INC,457.0,$74485
1110,MARSHFIELD CLINIC,457.0,$208227
1111,SOURCEINFOTECH INC,456.0,$73257
1112,INTEL MOBILE COMMUNICATIONS NORTH AMERICA,455.0,$103138
1113,THE VANGUARD GROUP,455.0,$122407
1114,MINDIQ SOLUTIONS INC,455.0,$70416
1115,BP AMERICA INC,454.0,$131593
1116,CAVALIER IT INC,454.0,$75106
1117,HURON CONSULTING SERVICES LLC,454.0,$108118
1118,COPART INC,453.0,$93604
1119,IT SPIN INC,453.0,$78053
1120,SANDISK CORPORATION,453.0,$116414
1121,ZENITH SERVICES INC,453.0,$73931
1122,SEVEN SEAS TECHNOLOGIES INC,453.0,$71954
1123,THE VERITAS HEALTHCARE SOLUTIONS LLC,453.0,$85798
1124,EDIFECS INC,453.0,$101179
1125,MU SIGMA INC,453.0,$86836
1126,SMART IT FRAME LLC,452.0,$70284
1127,BEST BUY CO INC,452.0,$117249
1128,SKIDMORE OWINGS & MERRILL LLP,451.0,$72342
1129,RENSSELAER POLYTECHNIC INSTITUTE,451.0,$64473
1130,ENLIGHTENED SOLUTIONS LLC,451.0,$76747
1131,WEBJECT SYSTEMS INC,451.0,$88672
1132,INFINERA CORPORATION,450.0,$126933
1133,PRICELINECOM LLC,450.0,$96676
1134,HOME DEPOT USA INC,450.0,$106263
1135,GSSR INC,450.0,$91409
1136,VARIAN MEDICAL SYSTEMS INC,450.0,$120876
1137,INTELLITRO INC,449.0,$106305
1138,EFICENS SYSTEMS LLC,449.0,$89655
1139,QUINNOX INC,449.0,$79363
1140,FIRST REPUBLIC BANK,448.0,$138447
1141,VED SOFTWARE SERVICES INC,448.0,$79180
1142,KLA CORPORATION,447.0,$123387
1143,ANVETA INC,447.0,$78898
1144,LORSIV TECHNOLOGIES INC,446.0,$67382
1145,OKLAHOMA STATE UNIVERSITY,445.0,$59430
1146,BROWN UNIVERSITY,445.0,$78405
1147,FOOD AND DRUG ADMINISTRATION HHS,445.0,$97576
1148,MEDLINE INDUSTRIES INC,445.0,$103241
1149,NUMBERS ONLY INC,445.0,$81071
1150,CEREBRAL TECHNOLOGIES INC,445.0,$83401
1151,KINECTRA LLC,444.0,$77106
1152,TEKSKY LLC,444.0,$85018
1153,NIXSOL INC,444.0,$68931
1154,DATABRICKS INC,444.0,$144598
1155,SAINT LOUIS UNIVERSITY,444.0,$92817
1156,A9COM INC,443.0,$143755
1157,INNOMINDS SOFTWARE INC,443.0,$98124
1158,UNIVERSITY OF SOUTH FLORIDA,443.0,$76662
1159,M3BI LLC,443.0,$99650
1160,EDGE IT CORP,443.0,$72615
1161,NEO TECH SOLUTIONS INC,442.0,$79229
1162,DUCK CREEK TECHNOLOGIES LLC,442.0,$98419
1163,PROGRESSIVE CASUALTY INSURANCE COMPANY,442.0,$94132
1164,TENAZX INC,442.0,$70596
1165,TALENT9 INC,441.0,$75399
1166,NOMURA AMERICA SERVICES LLC,441.0,$107917
1167,ZEBRA TECHNOLOGIES CORPORATION,441.0,$97190
1168,NAVITAS BUSINESS CONSULTING INC,441.0,$78463
1169,STANFORD HEALTH CARE,440.0,$106628
1170,AIRYSOFT INC,440.0,$64537
1171,I3 INFOTEK INC,440.0,$85660
1172,CCC INFORMATION SERVICES INC,440.0,$83320
1173,NOVO PROSO INC,440.0,$65933
1174,ESG AUTOMOTIVE INC,439.0,$81893
1175,PROPELSYS TECHNOLOGIES LLC,439.0,$78768
1176,WOLTERS KLUWER UNITED STATES INC,439.0,$111080
1177,AIRWATCH LLC,437.0,$84378
1178,CMC AMERICAS INC,437.0,$72127
1179,ARKSTEK INC,436.0,$80347
1180,JRD SYSTEMS INC,436.0,$63083
1181,VERTEX PHARMACEUTICALS INCORPORATED,436.0,$103363
1182,CLEMSON UNIVERSITY,436.0,$72927
1183,GLOBAL IT INC,436.0,$73778
1184,WB SOLUTIONS LLC,436.0,$88097
1185,LS SOLUTIONS INC,435.0,$88475
1186,VLS SYSTEMS INC,435.0,$85462
1187,SHUTTERFLY INC,433.0,$120066
1188,MASTECH DIGITAL CONSULTING INC,433.0,$93932
1189,GARMIN INTERNATIONAL INC,433.0,$92081
1190,BILL ME LATER INC,432.0,$113760
1191,REMOTE TIGER INC,432.0,$85153
1192,LOUISIANA STATE UNIVERSITY AND A & M COLLEGE,432.0,$66947
1193,ARISTON TEK INC,432.0,$76052
1194,NATIONAL INSTRUMENTS CORPORATION,432.0,$89071
1195,EDISQUARE INC,432.0,$80420
1196,TWITCH INTERACTIVE INC,432.0,$148374
1197,TEKSKILLS INC,431.0,$80159
1198,PAREXEL INTERNATIONAL,431.0,$108628
1199,ZILLION TECHNOLOGIES INC,431.0,$79925
1200,ISPRINT TECHNOLOGIES LLC,431.0,$62673
1201,SUNMERGE SYSTEMS INC,430.0,$79242
1202,CHICAGO MERCANTILE EXCHANGE INC,430.0,$92928
1203,HORIZON CONSULTING INC,430.0,$76715
1204,BRIDGEWATER ASSOCIATES LP,429.0,$116778
1205,ZYLOG SYSTEMS LTD,429.0,$70239
1206,SELSOFT INC,429.0,$61903
1207,CORPORATE SOLUTIONS GENERAL INC,428.0,$90140
1208,VIRTUOSO TECHNOLOGIES INC,428.0,$71895
1209,MICROLAND LIMITED,428.0,$76393
1210,ISR INFO WAY INC,428.0,$89442
1211,INDUS GROUP INC,428.0,$78312
1212,RAYMOND JAMES & ASSOCIATES INC,428.0,$98093
1213,AKVELON INC,427.0,$98304
1214,ALTEN TECHNOLOGY USA INC,427.0,$76228
1215,EAST WEST BANK,425.0,$98239
1216,QORVO US INC,425.0,$93582
1217,BALTIMORE CITY PUBLIC SCHOOLS,425.0,$80567
1218,COMPUTER GLOBAL SOLUTIONS INC,425.0,$78352
1219,LEXISNEXIS RISK SOLUTIONS INC,425.0,$89989
1220,ENQUERO INC,425.0,$117334
1221,MULTIVISION INC,424.0,$70317
1222,BAHWAN CYBERTEK INC,424.0,$86959
1223,R SYSTEMS INC,424.0,$89340
1224,HDR ENGINEERING INC,424.0,$81542
1225,HITACHI VANTARA LLC,424.0,$103053
1226,APTTUS CORPORATION,424.0,$122331
1227,PHARMACEUTICAL RESEARCH ASSOCIATES INC,424.0,$98113
1228,KYYBA INC,424.0,$75184
1229,TEKWISSEN LLC,423.0,$76837
1230,MANSAI INC,423.0,$71036
1231,ZIONTECH SOLUTIONS INC,423.0,$91394
1232,C2S TECHNOLOGIES INC,423.0,$82653
1233,COLORADO STATE UNIVERSITY,423.0,$66206
1234,DATA SOLUTIONS INC,422.0,$76315
1235,ECOM CONSULTING INC,422.0,$77761
1236,SPLENDTEK INC,422.0,$60402
1237,EXPERIAN INFORMATION SOLUTIONS INC,421.0,$121791
1238,CLIENT NETWORK SERVICES LLC,421.0,$106445
1239,T ROWE PRICE ASSOCIATES INC,421.0,$98065
1240,LUCID TECHNOLOGIES INC,420.0,$76358
1241,TECHSTAR CONSULTING INC,420.0,$78826
1242,SECUREWORKS INC,420.0,$101941
1243,MHK TECH INC,419.0,$83916
1244,ATIEVA USA INC,419.0,$126935
1245,CHEVRON CORPORATION,418.0,$154230
1246,TEKSYSTEMS GLOBAL SERVICES LLC,418.0,$119025
1247,AMERICAN BUSINESS SOLUTIONS INC,417.0,$77207
1248,SATYA MARG SOLUTIONS INC,416.0,$82886
1249,TABLEAU SOFTWARE INC,416.0,$120382
1250,MAST TECHNOLOGY SERVICES INC,416.0,$91103
1251,GENOME INTERNATIONAL CORPORATION,416.0,$72594
1252,TIMESQUARE IT INC,416.0,$83478
1253,STATE UNIVERSITY OF NEW YORK AT STONY BROOK,416.0,$93296
1254,STANFORD UNIVERSITY/SLAC NATIONAL ACCELERATOR LABORATORY,416.0,$94369
1255,UNIVERSITY OF ARKANSAS,415.0,$62792
1256,FIRST OBJECT INC,415.0,$76921
1257,AUBURN UNIVERSITY,415.0,$73015
1258,CORNING INCORPORATED,415.0,$102304
1259,UNIVERSITY OF OREGON,415.0,$70607
1260,THE UNIVERSITY OF TEXAS SOUTHWESTERN MEDICAL CENTER,414.0,$73160
1261,MICROSTRATEGY INC,414.0,$95028
1262,CODE TECH INC,413.0,$76654
1263,UNIVERSITY OF SOUTH CAROLINA,413.0,$54090
1264,TETRASOFT INC,413.0,$83613
1265,EQUINOX IT SOLUTIONS LLC,413.0,$77007
1266,TRIANZ CONSULTING INC,413.0,$97133
1267,GAVS TECHNOLOGIES NA INC,413.0,$77918
1268,ICS GLOBAL SOFT INC,412.0,$85045
1269,MILLENNIUM SOFTWARE INC,412.0,$86779
1270,ADVANCED TECHNOLOGY GROUP USA INC,412.0,$71794
1271,PROWISE SOLUTIONS INC,412.0,$85001
1272,PERFORMANCE RESOURCES NY INC,411.0,$74847
1273,DICE IT SOLUTIONS LLC,411.0,$80555
1274,CORE IT SOLUTIONS INC,411.0,$71873
1275,INFODRIVE SYSTEMS INC,411.0,$81986
1276,TEXAS TECH UNIVERSITY HEALTH SCIENCES CENTER,411.0,$130821
1277,INNOVATIVE CONSULTING SOLUTIONS LLC,411.0,$81615
1278,UNIVERSITY OF TEXAS MEDICAL BRANCH AT GALVESTON,410.0,$92973
1279,SAMITI TECHNOLOGY INC,410.0,$81707
1280,MOBILE PROGRAMMING LLC,410.0,$84305
1281,ERP GLOBAL INC,410.0,$77016
1282,AMERICAN TECH VISION SOLUTIONS LLC,410.0,$78585
1283,GVA INFOTECH INC,410.0,$84756
1284,STANLEY BLACK & DECKER INC,410.0,$98859
1285,EPITEC INC,409.0,$81299
1286,BLUE SHIELD OF CALIFORNIA,409.0,$114395
1287,AMERIPRISE FINANCIAL INC,409.0,$99638
1288,STANTEC CONSULTING SERVICES INC,409.0,$81339
1289,GOMIAPP LLC,409.0,$79212
1290,GLOBAL INFORMATION TECHNOLOGY INC,409.0,$78037
1291,NEW YORK CITY DEPARTMENT OF EDUCATION,409.0,$56885
1292,MASTECH DIGITAL SERVICES INC,408.0,$91562
1293,SIRIUS XM RADIO INC,408.0,$122726
1294,DANLAW INC,408.0,$84693
1295,EMETEORS INC,408.0,$64580
1296,INTELLISOFT TECHNOLOGIES INC,408.0,$78010
1297,PACE COMPUTER SOLUTIONS INC,408.0,$93136
1298,FRACTAL ANALYTICS INC,407.0,$85837
1299,LIFE TECHNOLOGIES CORPORATION,407.0,$87761
1300,GRUBHUB HOLDINGS INC,407.0,$124221
1301,NICIRA INC,406.0,$143041
1302,CORNERSTONE ONDEMAND INC,406.0,$111338
1303,GEEKSOFT LLC,406.0,$82239
1304,CITADEL SECURITIES AMERICAS LLC,406.0,$173387
1305,SIGNATURE IT SOLUTIONS INC,406.0,$73148
1306,THE UNIVERSITY OF ALABAMA,405.0,$75332
1307,ITECH ANALYST CORP,405.0,$71937
1308,ITLIZE GLOBAL LLC,405.0,$72715
1309,DPR CONSTRUCTION A GENERAL PARTNERSHIP,405.0,$88532
1310,THE ALLIANCE FOR SUSTAINABLE ENERGY LLC,405.0,$62246
1311,APPLEXUS TECHNOLOGIES LLC,404.0,$81845
1312,INFINITY TECH GROUP INC,404.0,$84604
1313,EPACE TECHNOLOGIES INC,404.0,$80809
1314,CRESTTEK LLC,403.0,$75310
1315,HOMESITE GROUP INC,403.0,$101207
1316,SOLUTION IT,403.0,$93679
1317,PRECISION TECHNOLOGIES CORP,402.0,$65335
1318,SKILL VOICE INC,402.0,$85616
1319,VST CONSULTING INC,402.0,$68158
1320,SYDATA INC,401.0,$81945
1321,SPARTAN SOLUTIONS INC,401.0,$87980
1322,INTELLIPRO GROUP INC,401.0,$84169
1323,BLACKROCK CAPITAL MANAGEMENT INC,400.0,$68921
1324,OMNIVISION TECHNOLOGIES INC,400.0,$117815
1325,CORP2CORP INC,400.0,$71079
1326,PIVOTAL SOFTWARE INC,400.0,$144012
1327,AMERICAN IT SOLUTIONS INC,400.0,$73625
1328,EBIX INC,400.0,$86285
1329,TEXARA SOLUTIONS LLC,400.0,$73735
1330,SAFEWAY INC,400.0,$146033
1331,BLACKROCK INSTITUTIONAL TRUST COMPANY NA,400.0,$99771
1332,SUSQUEHANNA INTERNATIONAL GROUP LLP,399.0,$82971
1333,GALLEGA SOFTWARE SOLUTIONS INC,399.0,$65424
1334,FMR CO INC,399.0,$87408
1335,STRATEGIC SYSTEMS INC,399.0,$77019
1336,PROTOCOL INFOTECH INC DUNS# 830803735,399.0,$70251
1337,DUKE UNIVERSITY,399.0,$77808
1338,SIRA CONSULTING INC,399.0,$82128
1339,UTIS,398.0,$79251
1340,DEW SOFTWARE INC,398.0,$90396
1341,VALEO NORTH AMERICA INC,398.0,$85664
1342,PANASONIC AVIONICS CORPORATION,397.0,$109572
1343,EXA DATA SOLUTIONS INC,397.0,$84013
1344,CHOICE HOTELS INTERNATIONAL SERVICES CORP,397.0,$96334
1345,ROBINHOOD MARKETS INC,397.0,$160096
1346,AGAP TECHNOLOGIES INC,396.0,$80287
1347,MOODY'S INVESTORS SERVICE INC,396.0,$117671
1348,OBJECT TECHNOLOGY SOLUTIONS INC,396.0,$72617
1349,RELIABLE SOFTWARE RESOURCES,395.0,$88619
1350,ETEAM SOLUTIONS INC,395.0,$70886
1351,BAANYAN SOFTWARE SERVICES,395.0,$75748
1352,AVVENTIS INC,395.0,$83870
1353,QUALIHI SOFTWARE SOLUTIONS INC,395.0,$65011
1354,P3 GEEKS INC,395.0,$74624
1355,CELER SYSTEMS INC,395.0,$83287
1356,MEDIDATA SOLUTIONS INC,395.0,$117872
1357,THE ROCKEFELLER UNIVERSITY,394.0,$67771
1358,SHUBH SOLUTIONS LLC,394.0,$70637
1359,UNIKON IT INC,394.0,$75363
1360,BLIZZARD ENTERTAINMENT INC,393.0,$111686
1361,AIM BIG INC,393.0,$76829
1362,DECIPHER SOFTWARE SOLUTIONS,393.0,$81639
1363,FARADAY & FUTURE INC,393.0,$115344
1364,ILINK SYSTEMS INC,393.0,$88149
1365,MSRCOSMOS LLC,393.0,$81506
1366,CLOUDRAY INC,392.0,$77473
1367,SOFTCORP INTERNATIONAL INC,391.0,$77018
1368,AKHSAYA INC,391.0,$72325
1369,UNITED IT SOLUTIONS INC,391.0,$72420
1370,DAZ SYSTEMS INC,391.0,$124480
1371,MYAPPSHUB LLC,391.0,$92706
1372,WHIZ IT SOLUTIONS INC,390.0,$69395
1373,SYSTEL INC OF DELAWARE,390.0,$73530
1374,SALIGRAM SYSTEMS INC,390.0,$81321
1375,APTIVA CORP,390.0,$75999
1376,SWIFT SOLUTIONS INC,389.0,$78889
1377,FIDELIS SOFTWARE SOLUTIONS LLC,389.0,$74325
1378,KBR INC,388.0,$118418
1379,FIRST CONSULTING GROUP LLC,388.0,$77061
1380,THE SIEGFRIED GROUP LLP,388.0,$104459
1381,STRATEDGE INC,388.0,$79756
1382,INFOLOGITECH INC,387.0,$74763
1383,ALTRAN US CORP,387.0,$90840
1384,SOFTECH INTERNATIONAL RESOURCES INC,387.0,$74136
1385,LOS ALAMOS NATIONAL SECURITY LLC,387.0,$92888
1386,THE UNIVERSITY OF KANSAS,387.0,$68751
1387,GENIUS MINDS LLC,387.0,$76336
1388,PROSPANCE INC,387.0,$94587
1389,STERLING 5 INC,386.0,$84745
1390,LENOVO (UNITED STATES) INC,386.0,$89920
1391,MIRACLE SOFTWARE SYSTEMS INC,386.0,$88754
1392,CORPORATE COMPUTER SERVICES INC,386.0,$71412
1393,EMAESTRO TECHNOLOGIES INC,385.0,$74456
1394,BOR USGA OBO AUGUSTA UNIVERSITY,385.0,$98533
1395,HARMAN BECKER AUTOMOTIVE SYSTEMS INC,385.0,$106819
1396,CSXTECH INC,385.0,$79560
1397,TECHORBIT INC,385.0,$79296
1398,FLEXTRONICS INTERNATIONAL USA INC,384.0,$106615
1399,NOMURA SECURITIES INTERNATIONAL INC,384.0,$122517
1400,MARKIT NORTH AMERICA INC,384.0,$95115
1401,COINBASE INC,384.0,$169947
1402,WSP USA INC,384.0,$90441
1403,ADI WORLDLINK LLC,384.0,$98747
1404,MODEL N INC,384.0,$112839
1405,TEK TREE LLC,384.0,$77920
1406,SILICON LABORATORIES INC,384.0,$101369
1407,PRIMESOFT INC,384.0,$73078
1408,W/H/I/P SYSTEMS LLC D/B/A AROGHIA GROUP LLC,383.0,$83470
1409,RALLY HEALTH INC,383.0,$127899
1410,IT PEOPLE CORPORATION,383.0,$81166
1411,THOMAS JEFFERSON UNIVERSITY,382.0,$96938
1412,HINDUJA TECH INC,382.0,$73991
1413,DATA-CORE SYSTEMS INC,382.0,$77225
1414,PERFECTVIPS INC,381.0,$115731
1415,SGS TECHNOLOGIE LLC,381.0,$79010
1416,BANK OF CHINA,381.0,$66415
1417,LEXISNEXIS USA,381.0,$98147
1418,UNIVERSITY OF LOUISVILLE,381.0,$91481
1419,VITECH SYSTEMS GROUP INC,380.0,$115007
1420,KAIZEN TECHNOLOGIES INC,380.0,$77766
1421,MCAFEE LLC,380.0,$112583
1422,PALAYEKAR COMPANIES INC,380.0,$82834
1423,TRIZETTO CORPORATION A COGNIZANT COMPANY,380.0,$86008
1424,EGROVE SYSTEMS CORPORATION,380.0,$73527
1425,THE BROAD INSTITUTE INC,380.0,$77672
1426,FLEXTON INC,380.0,$119980
1427,AKT LLC,379.0,$68554
1428,MISSISSIPPI STATE UNIVERSITY,379.0,$72268
1429,VIGNA INC,378.0,$69685
1430,AMITI CONSULTING INC,378.0,$86658
1431,TEKSTROM INC,378.0,$79880
1432,CLOUD HUB IT SOLUTIONS INC,378.0,$91543
1433,THE DEPOSITORY TRUST AND CLEARING CORPORATION,377.0,$116585
1434,ALBERT EINSTEIN COLLEGE OF MEDICINE,377.0,$61923
1435,IBS SOFTWARE SERVICES AMERICAS INC,377.0,$75130
1436,SPI MANAGEMENT SERVICES LLC,377.0,$71080
1437,CLEVELAND CLINIC FOUNDATION,377.0,$137991
1438,UNIVERSITY OF MASSACHUSETTS AMHERST,376.0,$81922
1439,GLOBAL DATA MANAGEMENT INC,376.0,$88659
1440,XENONINFOTEK INC,376.0,$69736
1441,SYNERGY TECHNOLOGIES LLC,376.0,$80840
1442,RSM US LLP,376.0,$100029
1443,SEMICONDUCTOR COMPONENTS INDUSTRIES LLC,375.0,$95585
1444,EPEOPLE TECHNOLOGIES INC,375.0,$86597
1445,CIRA INFOTECH INC,375.0,$76473
1446,NEW YORK LIFE INSURANCE COMPANY,375.0,$115963
1447,NORTHWESTERN MUTUAL LIFE INSURANCE COMPANY,374.0,$116158
1448,TECHNOVISION SOLUTION LLC,374.0,$76818
1449,CALIFORNIA INSTITUTE OF TECHNOLOGY/JET PROPULSION LABORATORY,374.0,$100424
1450,MERKLE INC,374.0,$107217
1451,APTUDE INC,373.0,$87518
1452,LOGISTIC SOLUTIONS INC,373.0,$77294
1453,NAM INFO INC,373.0,$77201
1454,SVV INFOTECH INC,373.0,$66848
1455,PREMIER IT SOLUTIONS INC,372.0,$65035
1456,THE DEVEREUX FOUNDATION,372.0,$33962
1457,TANVI IT SOLUTIONS INC,372.0,$83356
1458,RINGCENTRAL INC,372.0,$137171
1459,FMR LLC,372.0,$84706
1460,MAJESCO,372.0,$92295
1461,CAMBAY CONSULTING LLC,372.0,$75110
1462,THE METHODIST HOSPITAL RESEARCH INSTITUTE,372.0,$61806
1463,COHESITY INC,372.0,$142815
1464,UNIVERSITY OF CINCINNATI,371.0,$70409
1465,ALIXPARTNERS LLP,371.0,$150011
1466,RANG TECHNOLOGIES INC,371.0,$81505
1467,PROSWIFT CONSULTING LLC,370.0,$75405
1468,SOFTOVAINC,370.0,$80541
1469,AMERITECH GLOBAL INC,369.0,$76889
1470,COLLASYS LLC,369.0,$81279
1471,ESURANCE INSURANCE SERVICES INC,369.0,$111854
1472,INTERNATIONAL SYSTEMS TECHNOLOGIES INC,369.0,$73841
1473,CIENA CORPORATION,369.0,$123368
1474,INFOSYTECH SOLUTIONS INC,369.0,$72901
1475,P3 NORTH AMERICA INC,368.0,$78778
1476,DATAWIN SYSTEMS INC,368.0,$78247
1477,SILVERXIS INC,368.0,$76515
1478,TRIAD NATIONAL SECURITY LLC,368.0,$103438
1479,MEGATRENDZ MEDIA USA INC,368.0,$67696
1480,PHILIPS NORTH AMERICA LLC,367.0,$107923
1481,HUDSON DATA LLC,367.0,$78612
1482,TEKINVADERZ LLC,366.0,$81858
1483,INFO WAY SOLUTIONS LLC,366.0,$84688
1484,CVENT INC,366.0,$99930
1485,MOLEX LLC,366.0,$84630
1486,DONATO TECHNOLOGIES INC,366.0,$85137
1487,SNAP IT SOLUTIONS INC,366.0,$84734
1488,INFOSMART SYSTEMS INC,366.0,$64956
1489,INFOSMART TECHNOLOGIES INC,365.0,$70348
1490,TELLIGEN TECH INC,365.0,$89115
1491,THE SPHERE INSTITUTE,365.0,$70522
1492,CROSSCOUNTRY CONSULTING LLC,364.0,$86838
1493,O2 TECHNOLOGIES INC,364.0,$90668
1494,INFOWAVE SYSTEMS INC,364.0,$84877
1495,AKKEN INC,363.0,$73497
1496,TTS SOLUTIONSINC,363.0,$72058
1497,THE SCRIPPS RESEARCH INSTITUTE,363.0,$63558
1498,TRENDSET IT INC,362.0,$80407
1499,RUBRIK INC,362.0,$156570
1500,CAVIUM INC,361.0,$122370
1501,FPT USA CORP,361.0,$72303
1502,THE UNIVERSITY OF KANSAS MEDICAL CENTER,361.0,$101906
1503,APPDYNAMICS INC,361.0,$137498
1504,JDA SOFTWARE INC,360.0,$92756
1505,BED BATH & BEYOND INC,360.0,$124783
1506,PROSPER MARKETPLACE INC,359.0,$116806
1507,TEKSOFT SYSTEMS INC,359.0,$86847
1508,BETH ISRAEL DEACONESS MEDICAL CENTER INC,358.0,$67875
1509,UNIVERSITY OF CENTRAL FLORIDA,358.0,$82382
1510,ENIAC SYSTEMS INC,358.0,$88535
1511,LIVE NATION WORLDWIDE INC,358.0,$116044
1512,COMPETENT SYSTEMS INC,358.0,$68593
1513,ACADIA TECHNOLOGIES INC,358.0,$74388
1514,METHODICA TECHNOLOGIES LLC,358.0,$75422
1515,AKSHAYA INC,358.0,$110834
1516,PROSOFT IT SERVICES INC,357.0,$76508
1517,GEORGIA STATE UNIVERSITY,357.0,$72555
1518,LSU HEALTH SCIENCES CENTER,357.0,$150205
1519,PRODAPT NORTH AMERICA,357.0,$90853
1520,DELOITTE SERVICES LP,357.0,$94189
1521,HERBALIFE INTERNATIONAL OF AMERICA INC,357.0,$118896
1522,INFODAT INTERNATIONAL INC,356.0,$82257
1523,WRIGHT CENTER FOR GRADUATE MEDICAL EDUCATION,356.0,$62561
1524,NIAGARA BOTTLING LLC,355.0,$90677
1525,OPTIMAL CAE INC,355.0,$78487
1526,QUALYS INC,355.0,$118401
1527,EUCLID ELEMENTZ INC,355.0,$72846
1528,BECKMAN RESEARCH INSTITUTE OF THE CITY OF HOPE,354.0,$66854
1529,TEK SERVICES LLC,354.0,$66211
1530,GLOBALTEK SYSTEMS LLC,354.0,$65932
1531,SCHAEFFLER GROUP USA INC,354.0,$77662
1532,NETWORK OBJECTS INC,354.0,$94472
1533,ARCHER DANIELS MIDLAND COMPANY,354.0,$89490
1534,TEVA PHARMACEUTICALS USA INC,353.0,$106775
1535,BRISTLECONE INC,353.0,$103197
1536,THE ADVISORY BOARD COMPANY,353.0,$88151
1537,AGILENT TECHNOLOGIES INC,353.0,$108778
1538,SYNERGY GLOBAL TECHNOLOGIES INC,352.0,$83686
1539,WILLIAMS-SONOMA INC,352.0,$114704
1540,PROOFPOINT INC,351.0,$135870
1541,THOMSON REUTERS (MARKETS) LLC,351.0,$108057
1542,ROBLOX CORPORATION,351.0,$179136
1543,SLACK TECHNOLOGIES INC,351.0,$141439
1544,INFINITY METHODS CORP,351.0,$72288
1545,VERITIS GROUP INC,351.0,$78481
1546,ADVANCED TECHNOLOGY CONSULTING SERVICE INC,350.0,$80277
1547,IT KEYSOURCE INC,350.0,$81314
1548,THUMBTACK INC,350.0,$132861
1549,BTREE SOLUTIONS INC,350.0,$78592
1550,VALUE CONSULTING LLC,350.0,$69489
1551,VISUAL BI SOLUTIONS INC,349.0,$89734
1552,CLEVELAND CLINIC,349.0,$190092
1553,NBCUNIVERSAL MEDIA LLC,349.0,$122859
1554,OPEL SYSTEMS INC,349.0,$67341
1555,TE CONNECTIVITY CORPORATION,349.0,$97055
1556,SSA TECH INC,349.0,$86584
1557,CONOCOPHILLIPS COMPANY,349.0,$124943
1558,PIONEER GLOBAL INC,349.0,$73361
1559,BLACKROCK INVESTMENT MANAGEMENT LLC,349.0,$94842
1560,THE BLACKSTONE GROUP,349.0,$127074
1561,MEDICAL UNIVERSITY OF SOUTH CAROLINA,348.0,$94386
1562,IT & EBUSINESS CONSULTING SERVICES INC,348.0,$84476
1563,TRIESTEN TECHNOLOGIES LLC,348.0,$70993
1564,IBLESOFT INC DUNS#791327054,348.0,$70119
1565,UNIVERSITY OF NEVADA RENO,348.0,$77559
1566,DATAFORMIX TECHNOLOGIES INC,347.0,$71323
1567,POLAR IT SERVICES INC,347.0,$90944
1568,GLOBAL EDGE SOFTWARE INC,347.0,$92899
1569,BURNS & MCDONNELL ENGINEERING COMPANY INC,347.0,$98822
1570,GREENBYTE TECHNOLOGIES LLC,347.0,$73844
1571,PORTAL CONSULTING INC,346.0,$68917
1572,BNS INTERNATIONAL INC,346.0,$78469
1573,NATIONSTAR MORTGAGE LLC,346.0,$102372
1574,WISE EQUATION SOLUTIONS INC,346.0,$81759
1575,AMERICAN INSTITUTES FOR RESEARCH,346.0,$68522
1576,THE HUNTINGTON NATIONAL BANK,346.0,$98318
1577,TNP SYSTEMS LLC,346.0,$79747
1578,THE UNIVERSITY OF TEXAS AT DALLAS,345.0,$93544
1579,CRUISE LLC,345.0,$178171
1580,HOMEAWAYCOM INC,345.0,$107425
1581,EDUCATIONAL TESTING SERVICE,344.0,$105045
1582,GLASSDOOR INC,344.0,$145854
1583,SATURN TECH LLC,344.0,$82894
1584,CYGTEC INC,344.0,$79035
1585,OLIVER WYMAN INC,344.0,$129060
1586,STAT9 TECHNOLOGIES INC,344.0,$77646
1587,ELITE IT SOLUTIONS INC,343.0,$64546
1588,MORGAN STANLEY SMITH BARNEY LLC,343.0,$110980
1589,9TO9 SOFTWARE SOLUTIONS LLC,343.0,$76503
1590,COFORGE LIMITED F/K/A NIIT TECHNOLOGIES LIMITED,343.0,$84832
1591,TECHNOMAX LLC,343.0,$75068
1592,THORNTON TOMASETTI INC,342.0,$73487
1593,STRATEGIC STAFFING IT INC,342.0,$69072
1594,ZENDESK INC,342.0,$145593
1595,LUCID TECHNOLOGIESLLC,342.0,$69155
1596,TECHNICAL STRATEGIES INC,342.0,$82694
1597,UNITED HEALTHCARE SERVICES INC,341.0,$99064
1598,MPRSOFT INC,341.0,$80812
1599,SEL ENGINEERING SERVICES INC,340.0,$89494
1600,EUREKA INFOTECH INC,340.0,$83533
1601,INTERNATIONAL TECHNOLOGIES PRO LLC,340.0,$70771
1602,HIGHPOINT SOLUTIONS LLC,340.0,$107405
1603,RELIANT VISION GROUP INC,340.0,$69376
1604,MAGNUS TECHNOLOGY SOLUTIONS INC,340.0,$62347
1605,LENMAR CONSULTING INC,339.0,$73057
1606,LAWRENCE LIVERMORE NATIONAL SECURITY LLC,339.0,$115520
1607,PAYCOM PAYROLL LLC,339.0,$84339
1608,SRISHTI I2I BIZ SOLUTIONS INC,339.0,$83068
1609,AOL INC,338.0,$94149
1610,MILLENNIUM PHARMACEUTICALS INC,338.0,$120015
1611,STRATEGIC IT EXPERTS INC,338.0,$81663
1612,TREDENCE INC,338.0,$112800
1613,PANASONIC CORPORATION OF NORTH AMERICA,338.0,$102286
1614,KANAP SYSTEMS LLC,338.0,$87325
1615,COMPREHENSIVE HEALTH MANAGEMENT INC,338.0,$90118
1616,EPIC SYSTEMS CORPORATION,338.0,$85400
1617,GEORGE MASON UNIVERSITY,337.0,$81690
1618,CLASSROOM SUPPORT SERVICES LLC,337.0,$72062
1619,ITECHSTACK INC,337.0,$80355
1620,AFFIRM INC,337.0,$154487
1621,IT DIVISION INC,337.0,$65139
1622,NAM TECHNOLOGIES INC,337.0,$77769
1623,BAANYAN SOFTWARE SERVICES INC,337.0,$85631
1624,VCARVE INC,337.0,$77649
1625,CWC INTERNATIONAL INC,337.0,$76829
1626,TITAN DATA GROUP INC,336.0,$99397
1627,VECTOR SYSTEMS INC,336.0,$69711
1628,EPSILON DATA MANAGEMENT LLC,335.0,$121797
1629,ANU SOFTWARE CONSULTANTS INC,335.0,$91532
1630,GRAINGER MANAGEMENT LLC,335.0,$112602
1631,NEXTGEN TECHNOLOGIES INC,335.0,$96724
1632,OPERA TECHNOLOGIES INC,335.0,$72741
1633,ZUME IT INC,335.0,$78429
1634,INTERPRO INC,334.0,$88142
1635,SAVIN TECHNOLOGIES INC,334.0,$87581
1636,ASTIR TECHNOLOGIES LLC,334.0,$86073
1637,VERILY LIFE SCIENCES LLC,334.0,$137799
1638,CIGNEX DATAMATICS INC,334.0,$92580
1639,MAIMONIDES MEDICAL CENTER,333.0,$99647
1640,PIONEER CONSULTING LLC,332.0,$87451
1641,CHILDREN'S NATIONAL MEDICAL CENTER,332.0,$90221
1642,MEDICAL SCIENCE & COMPUTING LLC,332.0,$99957
1643,AUTOZONE INC,332.0,$97642
1644,BATTELLE,331.0,$79691
1645,TRUSTEK INC,331.0,$84732
1646,CEDENT CONSULTING INC,331.0,$66818
1647,TRINET USA INC,331.0,$118532
1648,ESSENTIAL TECHNOLOGIES INC,331.0,$69045
1649,GM CRUISE LLC,330.0,$145243
1650,MERCEDES-BENZ RESEARCH & DEVELOPMENT NORTH AMERICA INC,330.0,$124794
1651,NEXTGEN SOLUTIONS INC,330.0,$75266
1652,ADIENT US LLC,330.0,$89338
1653,IQ SPECTRA INC,329.0,$78532
1654,AUTOLIV ASP INC,329.0,$94272
1655,THOUGHTWAVE SOFTWARE AND SOLUTIONS INC,329.0,$85514
1656,HINDSIGHT SOFTWARE SOLUTIONS INC,329.0,$82016
1657,DATAMATICS GLOBAL SERVICES INC,328.0,$81180
1658,PRESBYTERIAN HEALTHCARE SERVICES,328.0,$227727
1659,CHAGS HEALTH INFORMATION TECHNOLOGY LLC,328.0,$87998
1660,ZYNGA INC,328.0,$120015
1661,KEY BUSINESS SOLUTIONS INC,328.0,$70526
1662,INFO KEYS INC,328.0,$77734
1663,INFOVILLE INC,328.0,$90093
1664,SELECTIVA SYSTEMS INC,328.0,$99796
1665,INFOBAHN SOFTWORLD INC,328.0,$88012
1666,SANFORD CLINIC NORTH,327.0,$247863
1667,MASTECH RESOURCING INC,327.0,$79088
1668,RESOURCE INFORMATICS GROUP INC,327.0,$80260
1669,CITADEL INFORMATION SERVICES INC,327.0,$69259
1670,ETEST IT INC,327.0,$74070
1671,CAREER SOFT SOLUTIONS INC,326.0,$90214
1672,RAAS INFOTEK LLC,326.0,$85258
1673,ALCATEL-LUCENT USA INC (DBA NOKIA),326.0,$113972
1674,TORQUE TECHNOLOGIES LLC,326.0,$84884
1675,FLUOR ENTERPRISES INC,325.0,$104489
1676,VLINK INC,325.0,$80590
1677,TEXAS A&M AGRILIFE RESEARCH,325.0,$48957
1678,THE UNIVERSITY OF TOLEDO,324.0,$110052
1679,ELI LILLY AND COMPANY,324.0,$116304
1680,SAVANNAH CHATHAM COUNTY PUBLIC SCHOOL SYSTEM,324.0,$57358
1681,CLOUDFLARE INC,324.0,$139985
1682,NEXUS IT INC,324.0,$77888
1683,NATIONAL MEDICAL CARE INC A FRESENIUS MEDICAL CARE NA COMPANY,324.0,$115175
1684,APEX TECHNOLOGY SYSTEMS INC,324.0,$72357
1685,BOFAML SECURITIES INC,324.0,$159192
1686,FAIR ISAAC CORPORATION,324.0,$111993
1687,PAYPAL DATA SERVICES INC,323.0,$120152
1688,CORPSYSTEMS LLC,323.0,$76828
1689,THE CAPITAL MARKETS COMPANY,323.0,$110832
1690,GLOBAL TECHNOLOGY ASSOCIATES LLC,323.0,$87815
1691,AVNET INC,323.0,$109500
1692,CAPITAL INFO GROUP INC,323.0,$90846
1693,AMAZONCOMDEDC LLC,323.0,$102300
1694,SAVIYNT INC,322.0,$98113
1695,ERP AND ERP CORP,322.0,$66656
1696,KOLLASOFT INC,322.0,$85632
1697,ARGUS INFORMATION AND ADVISORY SERVICES LLC,322.0,$93518
1698,EALEARN INC,322.0,$68419
1699,ANJS TECHNOLOGIES LLC,322.0,$83672
1700,GATEWAY GROUP TECHNOLOGIES INC,322.0,$61223
1701,OTIS IT INC,322.0,$79205
1702,TEKGENCE INC,321.0,$84658
1703,CYGNUS PROFESSIONALS INC,321.0,$77101
1704,KOHLER COMPANY,320.0,$81855
1705,BYTEWARE INC,320.0,$94059
1706,SUPERLOGIX INC,320.0,$68588
1707,THE JACKSON LABORATORY,320.0,$74754
1708,NATIONAL UNION FIRE INSURANCE COMPANY OF PITTSBURGH PA,320.0,$102710
1709,NETSKOPE INC,319.0,$147010
1710,RS SOFTWARE (INDIA) LTD,319.0,$71354
1711,NETROVERT SOFTWARE INC,319.0,$101395
1712,COMPEST SOLUTIONS INC,319.0,$77180
1713,VARNAR INC,319.0,$74245
1714,S&R PROFESSIONALSLP,319.0,$72153
1715,MASSACHUSETTS GENERAL PHYSICIAN'S ORGANIZATION,319.0,$128050
1716,GEISINGER CLINIC,319.0,$228483
1717,INVOLGIXS INC,319.0,$69146
1718,BSASPEC INC,319.0,$73155
1719,ROOTSHELL ENTERPRISE TECHNOLOGIES INC,318.0,$81087
1720,VIASAT INC,318.0,$114551
1721,SAT SOLUTIONS LLC,318.0,$66367
1722,THE GUARDIAN LIFE INSURANCE COMPANY OF AMERICA,318.0,$106526
1723,NINFO SYSTEMS INC,318.0,$90698
1724,IDRIL SERVICES CORPORATION,318.0,$68225
1725,DASSAULT SYSTEMES SIMULIA CORP,318.0,$98678
1726,DATAMETRICS SOFTWARE SYSTEMS INC,317.0,$73963
1727,WEB YOGA INC,317.0,$73201
1728,KIRKLAND & ELLIS LLP,317.0,$209509
1729,BLUE CROSS AND BLUE SHIELD OF FLORIDA INC,316.0,$106331
1730,UNIVERSITY OF DELAWARE,316.0,$79501
1731,ROUSH MANAGEMENT LLC,316.0,$83329
1732,MEDICAL MANAGEMENT INTERNATIONAL INC,316.0,$104787
1733,DARTMOUTH COLLEGE,316.0,$73744
1734,IM FLASH TECHNOLOGIES LLC,316.0,$89584
1735,PEPSICO INC,316.0,$126167
1736,CSG SYSTEMS INC,315.0,$84250
1737,EATON CORPORATION,315.0,$102981
1738,SIERRA INFOSYS INC,315.0,$63868
1739,EMINENT SOFTWARE SERVICES,315.0,$85155
1740,MAANTIC INC,315.0,$100289
1741,ZUORA INC,314.0,$133184
1742,BOSE CORPORATION,314.0,$96236
1743,CLEARLITE INC,314.0,$70748
1744,STEM XPERT LLC,314.0,$64696
1745,THE OHIO UNIVERSITY,314.0,$66960
1746,DIGIPULSE TECHNOLOGIES INC,314.0,$99808
1747,CARESOFT GLOBAL INC,314.0,$71700
1748,SLASHSUPPORT INC,313.0,$85536
1749,MUTEX SYSTEMS INC,313.0,$84739
1750,APPSBOAT INC,313.0,$76373
1751,NEUTRONIT INC,313.0,$85523
1752,THE SALK INSTITUTE FOR BIOLOGICAL STUDIES,312.0,$60276
1753,FORSYS INC,312.0,$91275
1754,KENSINGTON INFORMATION GROUP INC,312.0,$79035
1755,SUN SOFT TECHNOLOGIES INC,312.0,$70542
1756,MOUNT SINAI MEDICAL CENTER,311.0,$78762
1757,SOFTWARE PROGRAMMING GROUP LLC,311.0,$74926
1758,IMG SYSTEMS INC,311.0,$78643
1759,AVANADE INC,310.0,$136378
1760,HSBC TECHNOLOGY & SERVICES (USA) INC,310.0,$123769
1761,EMINENCE IT SOLUTIONS INC,310.0,$79635
1762,DEERE & COMPANY,310.0,$96156
1763,DYNPRO INC,309.0,$82774
1764,APEX TECHNOLOGY GROUP INC,309.0,$77389
1765,M9 CONSULTING INC,309.0,$90852
1766,FIRST DATA TECHNOLOGIES INC,309.0,$106727
1767,STREAMLINE TECHNOLOGIES INC,309.0,$78147
1768,MYGO CONSULTING INC,308.0,$83354
1769,IMPERIO INC,308.0,$75365
1770,KRYPTO IT SOLUTIONS INC,308.0,$74035
1771,PRINCIPLE INFORMATION TECHNOLOGY COMPANY,308.0,$75385
1772,INFI SYSTEMS LLC,308.0,$68668
1773,SKILLTUNE TECHNOLOGIES INC,308.0,$89532
1774,JSMN INTERNATIONAL INC,308.0,$99396
1775,ITEAM INC,308.0,$75102
1776,INFOSOFT INC,307.0,$78934
1777,NORTECH NORTH AMERICA INC,307.0,$85017
1778,MACHINE ZONE INC,307.0,$115882
1779,HERMITAGE INFO TECH LLC,306.0,$80781
1780,COVANT SOLUTIONS INC,306.0,$79954
1781,DW MATRIX INC,306.0,$77065
1782,DOCMATION LLC,306.0,$84964
1783,ST LUKE'S-ROOSEVELT HOSPITAL CENTER,306.0,$76107
1784,PRAXAIR INC,306.0,$99528
1785,IFLOWSOFT SOLUTIONS INC,305.0,$79832
1786,AMERICAN FAMILY MUTUAL INSURANCE COMPANY,305.0,$108328
1787,HORIZONSOFTSOLUTIONS INC,305.0,$93600
1788,JOHN HANCOCK LIFE INSURANCE COMPANY (USA),305.0,$109617
1789,WENOVA INC,305.0,$78583
1790,ONETRUST LLC,305.0,$109773
1791,SWIFT TECHNOLOGIES INC,304.0,$67325
1792,SOURCE MANTRA INC,304.0,$74181
1793,ATHENAHEALTH INC,304.0,$119865
1794,PRONIX INC,304.0,$84419
1795,SUPER MICRO COMPUTER INC,304.0,$95541
1796,GANNU SOFTWARE INC,303.0,$80045
1797,SECURONIX INC,303.0,$92111
1798,MIAMI UNIVERSITY,303.0,$64322
1799,BAYSTATE MEDICAL PRACTICES INC,303.0,$221594
1800,DR TECHNOLOGIES INC,303.0,$69631
1801,INFORMATION RESOURCES INC,303.0,$77451
1802,THOUGHT BYTE INC,303.0,$80772
1803,CSAA INSURANCE SERVICES INC,303.0,$106404
1804,CASPEX CORP,303.0,$93554
1805,ASTA CRS INC,303.0,$81152
1806,AMAZON ROBOTICS LLC,303.0,$113073
1807,GALAXY SOFTWARE SOLUTIONS INC,302.0,$69586
1808,L&T TECHNOLOGY SERVICES LLC,302.0,$86952
1809,ILOGIC INC,302.0,$73232
1810,LERA TECHNOLOGIES LLC,302.0,$69912
1811,CIMPRESS USA INCORPORATED,302.0,$99367
1812,EBS-MINDS IT INC,301.0,$69719
1813,NUANCE COMMUNICATIONS INC,301.0,$104374
1814,AVAYA INC,301.0,$104351
1815,RAMSAI SOFTWARE SOLUTIONS INC,301.0,$82124
1816,SMITH & NEPHEW INC,301.0,$92461
1817,COMPUSOFT INTEGRATED SOLUTIONS INC,301.0,$78968
1818,BOEHRINGER INGELHEIM PHARMACEUTICALS INC,300.0,$115335
1819,CDK GLOBAL LLC,300.0,$100056
1820,LUCID USA INC,300.0,$137439
1821,TRADEWEB MARKETS LLC,300.0,$129649
1822,VORTALSOFT INC,300.0,$73925
1823,GLOBAL SUMI TECHNOLOGIES INC,299.0,$78288
1824,PROSOFT TECHNOLOGIES INC,299.0,$60088
1825,COGNIER INC,299.0,$89904
1826,TEKMARK GLOBAL SOLUTIONS LLC,299.0,$86912
1827,TOWER RESEARCH CAPITAL LLC,299.0,$139169
1828,STAIDLOGIC LLC,299.0,$100016
1829,URPAN TECHNOLOGIES INC,299.0,$91316
1830,CHANGE HEALTHCARE TECHNOLOGIES LLC,298.0,$112687
1831,BECHTEL OIL GAS AND CHEMICALS INC,298.0,$112859
1832,COMPREHENSIVE RESOURCES INC,298.0,$79569
1833,VERTIV INC,298.0,$80128
1834,DELTA DENTAL OF CALIFORNIA,298.0,$120209
1835,GALAXY I TECHNOLOGIES INC,297.0,$87055
1836,ALPHAVISTA SERVICES INC,297.0,$67757
1837,OBJECTS ON NET INC,297.0,$78581
1838,I5 TECH INC,297.0,$94854
1839,ASPEN TECHNOLOGY INC,297.0,$94149
1840,CENTAURUS TECHNOLOGY PARTNERS LLC,297.0,$81513
1841,HOUZZ INC,297.0,$135177
1842,AMNEAL PHARMACEUTICALS LLC,297.0,$88708
1843,GEMINI CONSULTING & SERVICES LLC,297.0,$81507
1844,SVS TECHNOLOGIES LIMITED,297.0,$75004
1845,CLOUD SOURCE INC,296.0,$71692
1846,EBATES PERFORMANCE MARKETING INC,296.0,$127635
1847,ALLIED BUSINESS CONSULTING INC,296.0,$81815
1848,MAXLINEAR INC,296.0,$115309
1849,ARCUS TECHNOLOGIES DBA KAT TECH SYSTEMS INC,296.0,$71917
1850,FINSOFT CONSULTANTS INC,296.0,$83881
1851,OPENBOX SOLUTIONS INC,296.0,$79465
1852,BETH ISRAEL DEACONESS MEDICAL CENTER,296.0,$53704
1853,COGENT INTEGRATED BUSINESS SOLUTIONS INC,296.0,$68848
1854,PARAMOUNT GLOBAL SOLUTIONS INC,296.0,$76842
1855,ZSCALER INC,296.0,$133145
1856,SANS SOLUTIONS ENTERPRISE INC,296.0,$73110
1857,FUTURETECH CONSULTANTS LLC,295.0,$69871
1858,MEDICAL COLLEGE OF WISCONSIN,295.0,$135066
1859,SPECTRA GROUP INC,295.0,$71487
1860,SOHANIT INC,295.0,$77995
1861,ACTIVISION PUBLISHING INC,295.0,$119892
1862,SYNAPSE DESIGN AUTOMATION INC,295.0,$123739
1863,G3 INFOTEK INC,294.0,$68114
1864,ECOLAB USA INC,294.0,$113665
1865,VENSOFT SOLUTIONS INC,294.0,$79859
1866,TECHNOZANT LLC,294.0,$70612
1867,PANDORA MEDIA INC,293.0,$128059
1868,CAREFUSION RESOURCES LLC,293.0,$101111
1869,ZIFO TECHNOLOGIES INC,293.0,$77555
1870,FOCUS IT INC,293.0,$78195
1871,SIEMENS INDUSTRY SOFTWARE INC,293.0,$101145
1872,MARGIN5 SOLUTIONS INC,293.0,$70617
1873,MINTEX TECH INC,292.0,$76653
1874,BMC SOFTWARE INC,292.0,$107464
1875,POSITIVE GROUP LLC,292.0,$81951
1876,PRODWARE SOLUTIONS LLC,292.0,$71024
1877,PIORION SOLUTIONS INC,292.0,$78282
1878,PIONEER CORPORATE SERVICES INC,292.0,$76320
1879,DW PRACTICE LLC,291.0,$71699
1880,EXZAC INC,291.0,$107138
1881,METRIX IT SOLUTIONS INC,291.0,$87359
1882,HEALTH CARE SERVICE CORPORATION,291.0,$98424
1883,RACAR ENGINEERING LLC,291.0,$84334
1884,AKUNA CAPITAL LLC,291.0,$111478
1885,ANAGH TECHNOLOGIES INC,291.0,$84041
1886,TEKCOMMANDS INC,290.0,$71098
1887,ITRENDING SOLUTIONS LLC,290.0,$79393
1888,CDM SMITH INC,290.0,$81992
1889,GEODIS LOGISTICS LLC,290.0,$95540
1890,DOLBY LABORATORIES INC,290.0,$120437
1891,ACXIOM CORPORATION,290.0,$93359
1892,LPL FINANCIAL LLC,290.0,$105825
1893,SUNTECHPROS INC,289.0,$75068
1894,CNH INDUSTRIAL AMERICA LLC,289.0,$91382
1895,CIRRUS LOGIC INC,289.0,$107532
1896,AXWAY INC,289.0,$100962
1897,TITAN TECHNOLOGIES INC,289.0,$87410
1898,CITY GURUS INC,289.0,$79717
1899,CONGENSYS CORP,288.0,$86021
1900,TECH MAHINDRA TECHNOLOGIES INC,288.0,$88402
1901,BI1 SOLUTIONS INC,287.0,$63993
1902,A10 NETWORKS INC,287.0,$116863
1903,INTELIROUTE TECHNOLOGIES LLC,287.0,$84616
1904,HARMONIA HOLDINGS GROUP LLC,287.0,$95793
1905,TECHNOLOGY CONSULTANTS INC,287.0,$84143
1906,WAVE ERA INC,287.0,$72183
1907,DATABOSS INTERNATIONAL CORP,287.0,$74169
1908,BB&T CORPORATION,287.0,$100106
1909,DROISYS INC,287.0,$80346
1910,KNOWLEDGE RESOURCES GROUP INC,286.0,$52751
1911,JONES LANG LASALLE AMERICAS INC,286.0,$94613
1912,THE PRINCIPAL CONSULTING INC,286.0,$87348
1913,MPOWER LOGIC INC,286.0,$78588
1914,SV IT INC,286.0,$84866
1915,ASM AMERICA INC,285.0,$93628
1916,BLACKHAWK NETWORK INC,285.0,$121062
1917,HSBC SECURITIES (USA) INC,285.0,$134938
1918,ECOM SOLUTIONS INC,285.0,$90319
1919,BIG PEACH IT SERVICES LLC,285.0,$82730
1920,PROFESSIONAL ACCESS LTD,285.0,$108991
1921,ST JUDE MEDICAL CARDIOLOGY DIVISION,285.0,$97355
1922,MITCHELL INTERNATIONAL INC,285.0,$93782
1923,TSQ SYSTEMS INC,284.0,$78668
1924,CRA INTERNATIONAL INC,284.0,$95878
1925,W3GLOBAL INC,284.0,$88824
1926,ACI WORLDWIDE CORP,284.0,$103842
1927,ADITI TECHNOLOGIES PVT LTD,284.0,$79396
1928,SRIVEN TECHNOLOGIES LLC,284.0,$77670
1929,STANSOURCE INC,284.0,$90979
1930,STELLENT SOLUTIONS INC,284.0,$68684
1931,QUORA INC,283.0,$127772
1932,GROUP HEALTH PLAN INC,283.0,$116043
1933,KMK CONSULTING INC,283.0,$85400
1934,WHITE & CASE LLP,283.0,$209344
1935,QUALTRICS LLC,283.0,$151887
1936,IHS GLOBAL INC,283.0,$89988
1937,MIRACLE SOFTTECH LLC,283.0,$75911
1938,EVEREST TECHNOLOGIES INC,283.0,$93562
1939,YAHOO HOLDINGS INC,283.0,$128487
1940,SMART INFORMATION MANAGEMENT SYSTEMS INC,283.0,$84257
1941,ACCION LABS US INC,283.0,$96844
1942,SYNCHRONY BANK,283.0,$113440
1943,CITADEL ENTERPRISE AMERICAS LLC,282.0,$165193
1944,AA SOLUTIONS INC,282.0,$74588
1945,ELC MANAGEMENT LLC,282.0,$121943
1946,MOLABS MEDIA LLC,282.0,$72016
1947,PROS INC,281.0,$103720
1948,THE NEW YORK TIMES COMPANY,281.0,$125050
1949,AVANI SYSTEMS INC,281.0,$88484
1950,HNTB CORPORATION,281.0,$94720
1951,MACYSCOM LLC,281.0,$141722
1952,UNITY TECHNOLOGIES SF,281.0,$123803
1953,QUEST DIAGNOSTICS INCORPORATED,281.0,$98830
1954,PRABHAV SERVICES INC,280.0,$75768
1955,JAVEN TECHNOLOGIES INC,280.0,$87233
1956,CLAIRVOYANT TECHNOSOLUTIONS INC,280.0,$62694
1957,BAKER HUGHES INCORPORATED,280.0,$101728
1958,KENT STATE UNIVERSITY,280.0,$63518
1959,MORLOGIC INC,280.0,$73548
1960,PRODIGY TECHNOLOGIES INC,280.0,$85195
1961,PROTECH SOLUTIONS INC,280.0,$72724
1962,WHATSAPP INC,279.0,$161175
1963,UNIVERSAL SOFTWARE CORPORATION,279.0,$70500
1964,VENSIT CORP,279.0,$78880
1965,TRIVENI GROUP LLP,279.0,$83200
1966,STRYKER CORPORATION,279.0,$104584
1967,INGRAM MICRO INC,279.0,$108054
1968,CEREBRA CONSULTING INC,279.0,$81276
1969,IKON TECH SERVICES LLC,278.0,$84413
1970,CONCEPT SOFTWARE & SERVICES INC,278.0,$84890
1971,ZULILY LLC,278.0,$133811
1972,QUICKEN LOANS LLC,278.0,$88276
1973,THE UNIVERSITY OF TEXAS AT ARLINGTON,278.0,$66792
1974,QUALITY SOFTWARE SERVICES INC,278.0,$96931
1975,KEYMOUZ TECHNOLOGIES INC,277.0,$69833
1976,MEDIMMUNE LLC,277.0,$95511
1977,WEATHERFORD INTERNATIONAL LLC,277.0,$114180
1978,CUMMINS FILTRATION INC,277.0,$72949
1979,TT TECHNOLOGIES INC,277.0,$86454
1980,COMPROBASE INC,277.0,$78389
1981,HEWLETT-PACKARD COMPANY,277.0,$102569
1982,GB TECH INC,277.0,$73505
1983,GYANSYS INC,277.0,$91033
1984,AUTOMOTIVE ROBOTICS INC,277.0,$72104
1985,EASTERN MAINE MEDICAL CENTER,276.0,$298649
1986,GENISYS TECHNOLOGIES INC,276.0,$81833
1987,ROYAL TECHNOCRATS INC,276.0,$87540
1988,PARAMOUNT SOFTWARE SOLUTIONS INC,276.0,$87171
1989,ADVENTIST HEALTH SYSTEM/SUNBELT INC,276.0,$71393
1990,EARLY WARNING SERVICES LLC,276.0,$103213
1991,MAGNA ELECTRONICS INC,276.0,$103797
1992,ADVITHRI TECHNOLOGIES LLC,276.0,$83671
1993,TECHMINDS GROUP LLC,275.0,$72127
1994,HORIZON SOFTECH INC,275.0,$77929
1995,NYSE MARKET (DE) INC,275.0,$114085
1996,RISK MANAGEMENT SOLUTIONS INC,275.0,$116647
1997,INCANDESCENT TECHNOLOGIES INC,275.0,$85588
1998,DATAQUAD INC,275.0,$89346
1999,SUNRISE INFOTEK CORP,274.0,$79106
2000,8X8 INC,274.0,$132952
